Id,Altitude,Slope_Orientation,Slope,Horizontal_Distance_To_Water,Vertical_Distance_To_Water,Horizontal_Distance_To_Roadways,Shadow_Index_9h,Shadow_Index_12h,Shadow_Index_15h,Horizontal_Distance_To_Fire_Points,Canopy_Density,Rainfall_Summer,Rainfall_Winter,Wind_Exposure_Level,Soil_Type,Wilderness_Area,Vegetation_Type
12626,2252,115,26,218,112,1350,254,205,61,750,44.42,212.18,881.4,10.67,Type_3,Area_4,Type_4
3428,2304,117,41,277,193,918,251,169,3,371,67.48,281.3,449.3,38.11,Type_3,Area_4,Type_4
12492,2112,136,31,60,12,825,250,210,63,162,42.43,401.32,607.04,42.91,Type_3,Area_4,Type_4
12599,2223,75,27,201,93,1249,241,178,50,642,63.13,180.85,975.3,50.41,Type_10,Area_4,Type_4
3843,2160,105,27,67,35,1168,253,195,51,531,58.54,344.9,719.32,31.01,Type_10,Area_4,Type_4
12786,2183,121,31,0,0,1316,254,198,47,977,77.94,207.63,301.09,39.83,Type_3,Area_4,Type_4
4553,2180,133,17,0,0,1146,245,230,108,1146,39.23,349.27,854.47,46.64,Type_3,Area_4,Type_4
12568,2110,99,3,0,0,997,224,235,146,335,33.57,237.33,663.26,60.28,Type_4,Area_4,Type_4
3292,2329,157,23,295,35,977,238,236,114,540,82.64,440.15,522.85,14.46,Type_3,Area_4,Type_4
3830,2126,333,4,30,-6,1307,210,234,163,1332,43.27,300.16,898.17,18.28,Type_17,Area_4,Type_4
5022,2345,109,30,283,124,558,254,192,43,1744,56.12,202.15,859.79,54.01,Type_3,Area_4,Type_4
13437,2316,152,10,0,0,564,233,240,138,671,50.1,317.41,1199.97,58.1,Type_17,Area_4,Type_4
5132,2239,36,17,0,0,1507,217,200,113,947,60.88,264.48,910.13,17.84,Type_17,Area_4,Type_4
3441,2217,68,18,30,-11,930,236,200,89,967,50.51,384.06,741.26,22.8,Type_5,Area_4,Type_4
4183,2289,157,16,297,109,1165,236,241,130,1173,70.93,449.14,432.27,41.51,Type_3,Area_4,Type_4
4481,2390,86,16,408,193,824,241,212,97,1549,39.69,211.34,671.93,42.69,Type_6,Area_4,Type_4
5665,2312,126,14,108,37,270,243,229,112,1549,67.1,356.67,1047.64,51.92,Type_2,Area_4,Type_4
12178,2038,110,11,0,0,685,239,228,118,690,66.33,359.99,842.29,32.53,Type_1,Area_4,Type_4
4880,2346,80,21,330,149,633,242,198,76,1687,79.44,201.68,146.74,7.9,Type_3,Area_4,Type_4
4928,2240,61,2,0,0,1602,221,234,149,808,43.62,208.71,582.86,33.78,Type_17,Area_4,Type_4
4735,2251,131,29,108,57,870,251,211,66,1423,55.83,232.0,822.4,14.7,Type_3,Area_4,Type_4
2598,2055,189,9,0,0,918,221,247,160,351,59.8,248.0,870.1,40.33,Type_17,Area_4,Type_4
12660,2171,19,28,42,14,1142,187,168,105,866,77.63,177.74,503.67,61.81,Type_17,Area_4,Type_4
12586,2124,309,20,30,6,1172,162,223,199,1221,45.81,295.67,214.89,37.85,Type_17,Area_4,Type_4
6175,2460,63,12,0,0,384,230,216,117,1271,60.72,392.06,494.7,5.74,Type_6,Area_4,Type_4
4550,2214,139,21,85,30,1061,246,228,99,1231,77.92,405.64,130.8,23.65,Type_3,Area_4,Type_4
12389,2120,79,2,0,0,792,222,234,148,576,87.51,311.3,1186.8,26.47,Type_14,Area_4,Type_4
12905,2165,78,11,0,0,684,234,220,116,1425,81.83,421.35,419.63,17.03,Type_1,Area_4,Type_4
3500,2104,328,13,0,0,1358,187,224,176,872,74.25,215.99,1076.02,39.77,Type_17,Area_4,Type_4
5336,2337,120,35,162,96,319,253,188,30,1842,86.68,336.85,601.75,36.81,Type_3,Area_4,Type_4
3135,2140,105,36,134,72,552,253,173,0,120,42.02,399.32,376.6,50.73,Type_3,Area_4,Type_4
12449,2182,61,31,0,0,840,228,161,44,875,71.7,276.03,240.57,33.24,Type_5,Area_4,Type_4
3306,2072,68,8,0,0,641,228,225,130,90,51.03,268.23,713.82,16.55,Type_3,Area_4,Type_4
4594,2397,196,7,457,200,726,219,246,162,1597,48.73,151.02,720.25,23.21,Type_6,Area_4,Type_4
3672,2164,105,32,95,53,979,254,182,29,339,32.98,383.17,497.57,37.81,Type_3,Area_4,Type_4
5208,2245,42,12,0,0,1572,222,213,125,990,56.07,377.74,379.37,59.57,Type_17,Area_4,Type_4
3908,2110,283,9,0,0,1120,194,241,186,1358,48.51,335.5,1003.36,32.23,Type_17,Area_4,Type_4
13166,2418,74,14,0,0,741,236,212,104,1132,33.08,437.28,939.1,41.15,Type_5,Area_4,Type_4
12601,2173,101,22,95,48,1183,250,204,70,552,46.64,308.43,155.69,55.04,Type_10,Area_4,Type_4
12566,2214,159,28,170,89,1123,236,231,105,516,76.75,163.01,622.57,30.14,Type_3,Area_4,Type_4
4854,2222,78,22,0,0,808,242,193,70,1077,50.56,410.7,620.88,56.91,Type_4,Area_4,Type_4
6095,2392,35,13,0,0,497,218,211,126,1350,42.3,333.16,371.12,57.72,Type_6,Area_4,Type_4
2182,2020,358,25,0,0,531,174,186,143,511,42.76,314.21,389.84,31.12,Type_10,Area_4,Type_4
5852,2354,107,19,0,0,819,248,215,88,1091,87.58,357.63,1042.12,59.04,Type_5,Area_4,Type_4
12455,2143,67,2,30,-14,924,221,235,151,769,48.03,359.32,229.4,6.06,Type_14,Area_4,Type_4
5994,2367,356,7,0,0,711,209,227,157,1537,59.94,172.1,215.09,27.99,Type_11,Area_4,Type_4
3335,2331,133,30,306,37,1041,251,210,63,601,83.42,411.34,890.55,62.7,Type_3,Area_4,Type_4
4704,2117,3,9,0,0,1207,208,223,152,514,65.72,303.12,856.15,10.18,Type_3,Area_4,Type_4
12994,2196,76,15,30,8,1702,237,211,101,153,36.62,434.28,1083.45,31.73,Type_3,Area_4,Type_4
4489,2261,98,28,170,74,1022,252,189,46,1279,76.81,356.82,869.77,59.6,Type_3,Area_4,Type_4
5408,2241,114,20,0,0,402,249,216,86,1833,56.61,445.65,774.24,61.15,Type_3,Area_4,Type_4
4022,2032,61,12,0,0,295,230,214,115,547,44.43,364.96,110.62,36.96,Type_1,Area_4,Type_4
4691,2337,127,26,268,140,782,252,212,71,1542,52.15,208.81,898.42,28.23,Type_3,Area_4,Type_4
3328,2329,191,12,384,35,1282,219,249,162,900,61.08,282.61,145.97,10.74,Type_2,Area_4,Type_4
13289,2309,100,5,0,0,924,229,233,138,977,47.49,220.37,1094.14,31.06,Type_10,Area_4,Type_4
3154,2352,0,5,201,58,942,213,231,156,577,55.66,384.67,278.1,35.88,Type_6,Area_4,Type_4
4826,2378,159,3,450,157,582,223,240,152,1744,39.59,310.99,1109.5,47.1,Type_6,Area_4,Type_4
12699,2300,126,23,255,112,1284,251,217,81,1040,86.15,352.79,763.99,40.75,Type_6,Area_4,Type_4
12503,2294,124,31,408,168,1167,253,201,51,655,41.21,172.07,579.85,13.92,Type_3,Area_4,Type_4
6101,2296,187,17,0,0,1170,220,250,158,997,51.15,240.65,494.34,43.88,Type_17,Area_4,Type_4
3665,2240,171,22,300,115,1149,229,243,134,591,63.07,415.88,1012.94,10.41,Type_3,Area_4,Type_4
12894,2187,103,13,0,0,1019,242,222,108,1273,88.71,427.22,282.48,5.67,Type_3,Area_4,Type_4
6336,2340,32,7,0,0,474,219,224,142,1448,74.69,159.69,607.06,55.17,Type_1,Area_4,Type_4
3574,2090,90,7,30,0,845,231,229,130,182,89.37,304.66,1063.54,26.8,Type_3,Area_4,Type_4
4589,2217,156,21,0,0,1463,238,237,118,966,70.3,172.87,1079.61,28.79,Type_17,Area_4,Type_4
3155,2348,192,9,234,54,895,220,248,162,518,56.55,355.51,439.75,40.92,Type_6,Area_4,Type_4
3213,2095,105,30,60,27,589,254,187,37,85,40.76,259.15,364.68,41.05,Type_3,Area_4,Type_4
3371,2337,206,11,342,226,934,213,250,171,424,43.12,414.68,808.66,40.73,Type_6,Area_4,Type_4
12731,2226,126,25,95,43,1358,252,214,74,934,43.07,342.35,236.91,36.17,Type_3,Area_4,Type_4
2866,1989,302,18,0,0,150,167,229,201,537,64.81,293.81,681.31,24.68,Type_4,Area_4,Type_4
4020,2284,4,3,0,0,1071,215,233,155,335,43.8,414.96,878.14,41.39,Type_16,Area_4,Type_4
12420,2376,213,11,301,82,1110,210,251,175,691,52.0,288.85,244.11,51.69,Type_6,Area_4,Type_4
2181,2030,18,18,42,12,467,203,199,128,524,48.32,280.0,817.31,48.56,Type_10,Area_4,Type_4
3847,2118,62,6,0,0,1115,225,228,138,458,88.27,156.6,930.45,26.16,Type_3,Area_4,Type_4
3610,2294,241,23,503,0,1318,169,251,214,837,88.2,301.07,1163.97,20.72,Type_6,Area_4,Type_4
5776,2337,13,12,0,0,959,208,216,143,1440,52.52,223.24,403.37,19.2,Type_10,Area_4,Type_4
4721,2247,106,16,0,0,849,246,218,96,484,50.7,447.22,289.78,52.89,Type_10,Area_4,Type_4
5406,2269,110,28,60,28,350,254,196,49,1812,83.73,187.47,391.39,50.64,Type_3,Area_4,Type_4
4232,2355,82,5,446,162,999,227,231,138,1396,63.39,177.37,772.5,9.87,Type_6,Area_4,Type_4
12993,2199,333,4,0,0,792,210,234,163,1510,34.5,354.33,171.45,49.38,Type_4,Area_4,Type_4
4190,2183,150,31,42,25,1443,241,221,83,850,72.04,328.64,114.69,47.82,Type_3,Area_4,Type_4
12275,2070,319,10,0,0,960,195,231,176,228,49.78,242.34,1195.04,5.09,Type_17,Area_4,Type_4
12210,2055,162,10,0,0,872,231,243,143,295,43.96,443.18,1007.75,13.72,Type_1,Area_4,Type_4
3944,2126,72,10,0,0,1140,232,220,119,1448,53.59,284.38,455.54,53.38,Type_17,Area_4,Type_4
3026,2085,114,24,0,0,1215,252,209,70,503,52.44,262.09,497.46,21.25,Type_17,Area_4,Type_4
5021,2360,99,26,300,135,541,252,193,53,1767,70.02,391.41,1148.1,41.4,Type_3,Area_4,Type_4
3472,2320,229,20,324,207,999,187,254,199,466,76.75,220.95,907.57,32.72,Type_3,Area_4,Type_4
5295,2299,45,10,0,0,424,223,219,130,816,76.47,337.21,347.71,58.95,Type_4,Area_4,Type_4
12769,2157,103,6,0,0,1403,231,232,134,895,47.94,177.79,888.93,56.8,Type_3,Area_4,Type_4
5955,2520,54,10,192,37,150,226,218,125,1781,32.69,223.01,1030.68,30.0,Type_5,Area_4,Type_4
12474,2302,230,16,430,8,1284,195,253,192,849,49.82,340.87,286.01,30.53,Type_2,Area_4,Type_4
12441,2319,132,31,335,25,1062,251,208,60,603,79.97,160.91,309.69,18.62,Type_3,Area_4,Type_4
12690,2172,283,22,30,11,1167,153,234,219,797,55.63,155.9,610.62,8.44,Type_17,Area_4,Type_4
13057,2174,92,14,0,0,1442,241,218,105,551,46.47,402.49,1002.01,40.72,Type_14,Area_4,Type_4
3551,2324,92,24,541,245,1416,248,196,63,977,78.23,254.52,249.97,29.51,Type_2,Area_4,Type_4
4630,2298,117,11,0,0,108,238,230,121,297,60.63,340.72,798.74,49.47,Type_11,Area_4,Type_4
3961,2205,128,26,150,69,1323,252,214,73,700,64.44,301.92,419.16,12.96,Type_3,Area_4,Type_4
1998,2003,355,6,0,0,127,211,230,157,283,34.14,237.21,320.43,62.75,Type_17,Area_4,Type_4
3423,2323,121,35,361,29,1104,253,188,30,636,75.74,299.55,922.66,6.07,Type_3,Area_4,Type_4
3989,2151,328,22,0,0,1317,160,208,184,1218,50.25,444.47,330.89,26.74,Type_17,Area_4,Type_4
4306,2156,9,9,0,0,1425,210,222,149,876,34.81,287.11,1188.42,11.6,Type_3,Area_4,Type_4
4757,2191,64,33,0,0,433,229,155,32,912,30.59,191.68,604.57,38.64,Type_1,Area_4,Type_4
5934,2331,70,11,0,0,395,232,218,117,600,89.28,289.93,892.8,24.89,Type_2,Area_4,Type_4
5968,2364,0,2,0,0,738,216,235,156,1567,35.25,411.01,362.5,9.68,Type_11,Area_4,Type_4
4002,2285,142,21,228,122,1406,245,229,101,907,78.33,159.82,526.8,42.54,Type_3,Area_4,Type_4
4145,2306,183,21,277,123,1224,220,249,151,1107,85.1,424.52,457.66,25.46,Type_6,Area_4,Type_4
3169,2117,101,33,95,49,569,253,177,26,95,75.87,398.59,1129.46,14.69,Type_3,Area_4,Type_4
2690,2060,254,12,30,-6,895,193,248,193,210,54.26,230.17,1157.47,39.96,Type_17,Area_4,Type_4
5335,2354,124,33,190,113,297,253,196,42,1834,87.99,337.51,233.88,35.3,Type_3,Area_4,Type_4
3210,2199,119,33,190,121,644,254,191,35,108,66.63,353.66,1187.02,42.96,Type_3,Area_4,Type_4
5183,2251,109,18,108,30,576,248,217,90,1719,38.02,346.46,806.75,63.69,Type_3,Area_4,Type_4
12577,2148,150,33,60,28,1073,241,217,77,426,32.09,429.99,1096.34,14.91,Type_3,Area_4,Type_4
5363,2257,342,2,0,0,1566,214,235,159,1074,62.63,407.38,836.36,63.06,Type_17,Area_4,Type_4
12966,2322,100,30,270,125,642,252,184,36,1660,44.23,385.58,662.3,24.92,Type_3,Area_4,Type_4
4237,2294,102,23,297,113,1123,251,204,69,1215,33.41,371.09,816.95,23.03,Type_3,Area_4,Type_4
3649,2106,47,8,0,0,1260,223,223,135,1015,65.81,360.2,456.08,31.8,Type_17,Area_4,Type_4
3377,2167,129,26,153,76,765,252,214,73,134,75.65,446.87,681.34,53.19,Type_3,Area_4,Type_4
5174,2252,34,31,0,0,1486,199,157,76,977,32.07,423.46,757.44,21.41,Type_17,Area_4,Type_4
4733,2290,125,29,175,93,811,253,206,59,1490,73.44,169.38,552.33,54.99,Type_3,Area_4,Type_4
4199,2325,302,8,95,23,1184,199,237,177,162,56.58,444.14,618.34,8.04,Type_6,Area_4,Type_4
4876,2379,54,2,426,154,558,220,234,150,1774,68.57,413.11,234.49,56.38,Type_6,Area_4,Type_4
3985,2152,45,14,0,0,1167,223,210,118,924,79.04,287.88,972.49,51.69,Type_17,Area_4,Type_4
3356,2143,135,2,0,0,937,222,238,151,721,34.62,322.86,718.93,60.15,Type_14,Area_4,Type_4
5886,2319,98,12,30,6,330,240,223,111,663,59.15,315.46,1128.87,24.96,Type_2,Area_4,Type_4
4906,2237,113,17,30,6,854,247,221,96,1121,39.7,265.63,315.71,22.64,Type_4,Area_4,Type_4
5620,2444,107,19,30,7,598,248,214,87,1282,41.55,213.94,934.73,63.69,Type_5,Area_4,Type_4
2110,2008,36,2,0,0,361,219,234,152,418,89.01,177.32,454.71,23.95,Type_17,Area_4,Type_4
4480,2396,41,9,433,199,808,221,220,133,1544,64.54,358.02,685.01,30.1,Type_6,Area_4,Type_4
5185,2214,109,15,30,7,674,245,222,102,1640,75.09,332.87,1099.65,42.34,Type_3,Area_4,Type_4
13129,2251,359,12,0,0,1622,202,218,153,984,72.2,310.66,1023.48,32.89,Type_17,Area_4,Type_4
12776,2240,186,2,0,0,658,219,240,157,541,55.16,181.29,1152.62,37.09,Type_10,Area_4,Type_4
5140,2277,112,24,162,56,552,253,206,66,1739,85.95,302.35,516.16,57.09,Type_3,Area_4,Type_4
3197,2078,326,9,0,0,1342,198,230,172,666,86.47,166.7,506.04,22.4,Type_17,Area_4,Type_4
12464,2233,121,36,212,129,865,253,185,25,285,76.67,429.97,691.98,21.5,Type_3,Area_4,Type_4
4144,2301,141,19,339,121,1172,244,232,109,1183,79.89,193.64,410.22,51.85,Type_3,Area_4,Type_4
12596,2132,304,28,60,16,1142,131,212,215,1248,31.89,191.63,863.7,6.35,Type_17,Area_4,Type_4
3832,2126,128,20,30,7,1198,248,224,95,1340,78.5,188.9,644.48,41.14,Type_1,Area_4,Type_4
5728,2261,3,15,0,0,1100,198,209,147,800,35.86,216.18,1135.12,18.25,Type_14,Area_4,Type_4
3075,2060,62,19,30,7,454,232,197,90,234,65.86,322.41,302.76,41.61,Type_3,Area_4,Type_4
5896,2318,20,19,0,0,895,204,197,125,1006,44.75,240.01,698.99,8.49,Type_10,Area_4,Type_4
5478,2302,110,26,150,61,242,253,201,58,1727,71.6,298.45,394.82,43.79,Type_3,Area_4,Type_4
4035,2157,177,18,0,0,1282,226,247,147,1106,39.37,437.56,482.97,47.02,Type_17,Area_4,Type_4
5922,2361,330,9,0,0,792,199,229,170,1552,87.95,323.54,1050.78,50.55,Type_5,Area_4,Type_4
3429,2278,115,43,255,167,900,249,159,0,342,81.87,406.64,815.86,9.51,Type_3,Area_4,Type_4
3848,2116,353,13,0,0,1103,196,216,157,443,63.73,213.57,456.89,5.23,Type_4,Area_4,Type_4
12465,2171,121,26,134,71,805,253,208,64,175,47.76,244.75,812.19,59.64,Type_3,Area_4,Type_4
4298,2268,165,16,234,88,1134,232,243,137,1182,39.09,421.23,774.38,29.8,Type_3,Area_4,Type_4
3099,2060,318,11,30,6,481,190,230,179,234,30.5,179.79,631.31,18.14,Type_3,Area_4,Type_4
5179,2301,111,31,170,76,488,254,190,38,1803,62.3,406.38,782.12,19.08,Type_3,Area_4,Type_4
3475,2220,125,37,192,116,890,252,188,29,295,80.29,371.38,641.51,44.22,Type_3,Area_4,Type_4
2744,2078,103,30,42,16,891,253,187,39,162,38.45,195.62,441.86,50.73,Type_1,Area_4,Type_4
3981,2187,205,4,0,0,882,217,243,162,395,79.94,427.19,846.61,34.15,Type_14,Area_4,Type_4
5067,2243,104,27,150,36,658,253,196,53,1634,58.49,208.12,1188.05,38.81,Type_3,Area_4,Type_4
3679,2034,104,16,0,0,450,246,217,95,551,78.09,412.23,1011.76,42.66,Type_14,Area_4,Type_4
3482,2080,62,8,0,0,765,227,223,130,134,64.36,314.04,860.05,49.9,Type_4,Area_4,Type_4
6050,2409,64,20,0,0,661,234,196,86,1200,86.17,325.85,991.72,32.47,Type_10,Area_4,Type_4
12050,2041,356,25,30,17,612,170,185,146,474,39.6,311.89,815.15,37.26,Type_10,Area_4,Type_4
3735,2216,185,27,216,91,1158,214,247,149,566,44.8,265.46,1034.45,36.64,Type_3,Area_4,Type_4
12614,2122,0,3,0,0,1155,215,234,156,499,46.72,198.89,911.11,12.96,Type_4,Area_4,Type_4
5733,2325,30,7,0,0,1015,218,226,143,1406,69.35,162.25,496.66,6.35,Type_10,Area_4,Type_4
6117,2295,185,8,30,0,1230,222,246,158,949,69.53,356.93,594.27,32.12,Type_17,Area_4,Type_4
3507,2298,240,18,457,4,1302,183,252,203,853,88.4,183.18,905.22,50.86,Type_2,Area_4,Type_4
4488,2274,106,23,192,87,1003,252,205,69,1302,51.29,264.58,632.52,44.84,Type_3,Area_4,Type_4
13019,2370,128,9,0,0,1127,235,235,131,741,54.86,181.66,482.64,51.89,Type_6,Area_4,Type_4
3302,2201,131,30,218,114,726,252,208,61,150,89.83,175.55,303.92,35.34,Type_3,Area_4,Type_4
4474,2229,344,14,0,0,849,190,217,165,342,51.33,171.27,509.1,53.2,Type_14,Area_4,Type_4
3878,2187,107,22,108,61,1224,251,208,73,594,82.76,227.81,419.27,57.08,Type_3,Area_4,Type_4
4189,2194,145,31,60,31,1421,245,217,75,870,71.61,418.77,908.3,35.96,Type_3,Area_4,Type_4
13117,2256,178,9,0,0,1590,224,246,154,1050,49.85,442.47,268.08,39.76,Type_17,Area_4,Type_4
3733,2228,129,23,295,102,1214,250,220,86,644,56.8,191.69,228.55,18.16,Type_3,Area_4,Type_4
12647,2137,117,25,30,11,1248,253,207,66,600,39.94,258.22,880.68,55.65,Type_3,Area_4,Type_4
2453,2038,137,19,30,1,591,246,229,104,636,63.46,324.38,1196.23,9.42,Type_1,Area_4,Type_4
4050,2219,128,23,124,61,1406,250,219,83,785,42.09,387.63,818.76,20.13,Type_3,Area_4,Type_4
3963,2181,124,29,108,51,1291,253,204,56,658,31.72,214.63,1028.21,30.25,Type_3,Area_4,Type_4
4442,2275,99,25,212,88,1026,251,196,58,1284,79.84,185.6,182.74,9.99,Type_3,Area_4,Type_4
3236,2128,2,11,0,0,858,205,219,151,603,44.05,338.33,966.65,50.06,Type_14,Area_4,Type_4
5402,2348,131,29,210,107,234,252,211,66,1768,88.0,381.04,957.04,51.61,Type_3,Area_4,Type_4
3339,2333,229,26,366,39,933,171,253,208,451,65.83,290.63,271.37,56.64,Type_6,Area_4,Type_4
12468,2226,84,21,0,0,960,244,200,76,997,38.2,372.27,1051.7,11.57,Type_6,Area_4,Type_4
4836,2190,343,7,0,0,937,205,229,162,1360,35.25,448.95,178.75,6.32,Type_4,Area_4,Type_4
12600,2205,75,26,175,79,1231,241,183,57,618,63.46,184.83,656.71,33.13,Type_10,Area_4,Type_4
3621,2153,123,32,85,42,939,254,198,45,297,70.37,301.02,460.17,54.77,Type_3,Area_4,Type_4
4530,2231,114,11,0,0,828,240,229,118,395,40.85,193.85,907.38,31.29,Type_14,Area_4,Type_4
4801,2129,47,8,0,0,1340,223,223,135,390,37.43,251.69,1001.05,44.63,Type_14,Area_4,Type_4
3370,2325,243,23,366,212,955,167,251,216,454,71.68,286.12,622.41,56.19,Type_3,Area_4,Type_4
3869,2118,299,9,30,7,1138,196,237,181,1317,69.49,278.98,297.29,51.36,Type_17,Area_4,Type_4
12718,2312,308,15,30,10,1165,177,229,192,212,74.63,252.42,598.76,28.07,Type_1,Area_4,Type_4
12685,2185,101,28,85,45,1358,253,190,46,722,61.28,268.4,123.4,19.26,Type_3,Area_4,Type_4
13433,2336,72,1,0,0,457,219,237,154,1449,47.46,203.14,319.8,53.94,Type_1,Area_4,Type_4
12534,2295,147,32,430,165,1252,243,218,78,731,48.8,362.67,256.05,8.23,Type_3,Area_4,Type_4
3833,2111,111,6,0,0,1177,230,234,137,1307,79.42,418.8,464.86,43.9,Type_17,Area_4,Type_4
3901,2139,341,25,0,0,1308,161,195,168,1383,55.88,181.28,274.99,58.31,Type_17,Area_4,Type_4
5265,2229,130,15,30,8,592,243,230,112,1725,88.31,336.81,246.57,22.36,Type_3,Area_4,Type_4
12702,2159,114,31,42,19,1370,254,193,42,726,45.53,334.83,524.26,39.01,Type_3,Area_4,Type_4
4829,2295,127,27,212,98,726,252,212,69,1575,48.62,294.62,767.6,26.14,Type_3,Area_4,Type_4
3165,2240,133,32,256,162,649,251,206,58,175,33.37,407.01,509.88,13.75,Type_3,Area_4,Type_4
2694,2047,25,11,0,0,918,215,216,137,540,57.85,230.76,1005.28,37.36,Type_17,Area_4,Type_4
13442,2314,25,11,30,0,497,215,216,137,633,74.86,366.48,1185.33,44.82,Type_17,Area_4,Type_4
12557,2114,114,11,30,3,1230,240,229,118,1168,70.98,200.24,1168.24,32.67,Type_17,Area_4,Type_4
5284,2194,93,18,0,0,1471,245,211,89,534,83.47,362.78,209.5,47.08,Type_2,Area_4,Type_4
6296,2333,70,7,0,0,417,228,226,132,1396,82.88,258.32,939.63,9.8,Type_14,Area_4,Type_4
4130,2221,354,17,0,0,1140,189,207,155,404,30.07,333.8,1064.02,48.55,Type_17,Area_4,Type_4
6234,2326,57,16,0,0,300,229,203,102,1249,40.47,213.56,782.56,16.86,Type_14,Area_4,Type_4
3580,2285,57,18,67,22,1124,229,200,97,886,59.55,372.99,689.53,20.71,Type_6,Area_4,Type_4
5626,2244,55,6,0,0,1224,224,227,139,693,80.62,444.78,339.04,29.24,Type_2,Area_4,Type_4
4079,2215,193,12,0,0,1110,219,249,163,450,76.11,312.56,437.75,55.02,Type_1,Area_4,Type_4
6291,2359,57,8,30,3,551,226,223,132,828,38.57,420.26,665.26,29.3,Type_2,Area_4,Type_4
4412,2327,317,8,0,0,1290,198,233,174,182,30.25,214.29,889.88,6.57,Type_6,Area_4,Type_4
4790,2189,113,5,0,0,957,230,234,138,1338,49.81,385.43,1181.68,5.85,Type_4,Area_4,Type_4
4932,2376,59,13,384,151,553,230,211,112,1776,50.53,379.74,325.96,53.08,Type_6,Area_4,Type_4
12662,2169,146,27,30,12,1273,245,225,91,1130,66.2,277.52,497.15,47.44,Type_1,Area_4,Type_4
12658,2190,141,19,0,0,983,244,232,109,430,30.47,396.21,878.79,49.24,Type_14,Area_4,Type_4
4837,2193,338,12,30,4,960,194,223,168,1341,52.64,381.85,162.56,7.03,Type_4,Area_4,Type_4
5207,2252,10,27,0,0,1506,180,175,121,997,78.11,186.72,673.79,61.29,Type_10,Area_4,Type_4
3202,2348,136,13,242,54,937,240,234,121,543,60.19,357.73,669.06,12.62,Type_6,Area_4,Type_4
4682,2231,243,2,30,-1,1489,215,240,163,633,44.93,171.52,676.11,47.04,Type_1,Area_4,Type_4
4097,2201,139,24,90,43,1415,248,225,91,785,30.82,411.48,278.93,46.36,Type_3,Area_4,Type_4
3565,2279,130,39,242,166,1008,249,188,28,430,57.51,183.95,400.36,35.24,Type_3,Area_4,Type_4
3937,2157,8,7,30,0,1115,212,227,152,859,55.03,352.1,859.69,19.86,Type_17,Area_4,Type_4
12611,2122,127,17,30,3,1170,246,226,102,1365,46.2,208.45,307.24,10.36,Type_17,Area_4,Type_4
4578,2287,163,6,0,0,255,226,242,150,484,42.58,356.13,633.53,40.77,Type_11,Area_4,Type_4
13065,2326,114,34,175,85,424,254,184,28,1867,51.7,211.31,1189.33,56.02,Type_3,Area_4,Type_4
4011,2132,106,16,30,6,1275,246,219,97,624,32.08,222.09,535.64,14.69,Type_3,Area_4,Type_4
4403,2256,191,25,150,76,1126,210,249,159,1172,44.75,274.05,683.23,35.39,Type_3,Area_4,Type_4
12860,2310,104,25,234,116,882,252,199,59,1434,43.05,435.61,1108.92,56.92,Type_3,Area_4,Type_4
3264,2070,317,9,0,0,607,196,232,176,124,31.09,310.31,614.29,43.45,Type_3,Area_4,Type_4
3360,2106,194,23,30,7,1385,209,251,165,785,69.57,322.77,1146.69,6.99,Type_1,Area_4,Type_4
2647,2056,56,7,0,0,858,225,226,135,218,87.41,156.08,813.75,22.96,Type_1,Area_4,Type_4
3071,2235,93,33,268,163,558,250,171,22,216,72.4,260.4,1174.58,20.61,Type_3,Area_4,Type_4
3958,2269,133,24,216,111,1410,250,221,85,816,55.18,182.36,1100.17,43.62,Type_3,Area_4,Type_4
4631,2237,81,13,0,0,849,237,216,107,420,37.2,439.07,516.63,36.98,Type_10,Area_4,Type_4
5337,2318,119,35,134,77,339,254,185,27,1851,50.09,194.14,1149.64,46.49,Type_3,Area_4,Type_4
12814,2174,141,20,0,0,1253,245,230,105,1041,33.33,407.22,107.98,10.39,Type_4,Area_4,Type_4
4877,2374,83,11,408,153,576,236,220,114,1758,66.06,164.04,772.22,15.34,Type_6,Area_4,Type_4
4526,2297,179,13,30,9,212,225,247,152,474,55.78,435.46,444.51,8.37,Type_11,Area_4,Type_4
5181,2269,117,24,134,44,531,253,210,71,1761,53.28,403.11,1006.87,23.9,Type_3,Area_4,Type_4
4541,2375,109,21,366,178,816,250,212,80,1539,40.31,441.88,520.41,58.14,Type_6,Area_4,Type_4
3860,2138,124,3,30,-3,1290,225,237,146,1296,80.02,150.18,522.64,33.97,Type_17,Area_4,Type_4
4810,2234,77,30,30,18,499,241,171,39,953,81.58,435.05,531.16,62.73,Type_1,Area_4,Type_4
4689,2374,131,20,379,177,708,248,224,95,1639,62.66,332.51,790.0,47.62,Type_6,Area_4,Type_4
3381,2078,97,16,30,2,706,244,215,95,85,52.1,354.35,314.59,39.74,Type_3,Area_4,Type_4
13111,2200,81,10,0,0,1433,234,222,118,531,43.38,212.9,971.85,7.88,Type_2,Area_4,Type_4
4607,2180,14,7,30,0,1149,213,225,149,1149,80.77,187.95,769.24,57.93,Type_4,Area_4,Type_4
3547,2106,300,15,0,0,1320,176,232,196,918,34.96,333.36,1177.26,50.98,Type_17,Area_4,Type_4
3723,2114,336,19,0,0,1218,175,211,173,1140,86.13,414.64,998.7,26.31,Type_17,Area_4,Type_4
3646,2115,164,18,30,5,1273,234,242,132,1073,39.27,386.31,806.38,13.67,Type_1,Area_4,Type_4
2338,2032,81,10,0,0,488,234,222,118,618,52.14,267.37,638.2,32.08,Type_17,Area_4,Type_4
2677,2059,311,17,30,7,807,170,225,194,661,52.07,284.47,160.18,18.35,Type_17,Area_4,Type_4
3093,2170,110,36,175,102,537,253,174,15,153,53.94,166.18,966.67,14.16,Type_3,Area_4,Type_4
5065,2274,112,27,201,63,616,254,200,55,1676,74.23,299.13,321.12,51.15,Type_3,Area_4,Type_4
2986,2044,13,14,0,0,331,205,209,139,350,88.02,336.83,896.37,49.39,Type_3,Area_4,Type_4
4019,2291,129,16,0,0,1065,244,229,108,306,47.84,423.64,546.37,11.08,Type_6,Area_4,Type_4
4339,2193,38,24,0,0,1338,211,179,91,939,52.99,225.38,329.45,47.03,Type_17,Area_4,Type_4
3364,2328,243,21,351,34,1200,175,251,210,782,45.84,374.88,322.4,24.47,Type_2,Area_4,Type_4
2337,2046,84,29,30,16,518,246,177,39,646,57.37,433.99,316.43,39.34,Type_1,Area_4,Type_4
5892,2360,82,10,0,0,752,234,222,119,1173,65.17,269.7,1022.8,64.33,Type_5,Area_4,Type_4
2985,2055,90,26,30,11,335,248,190,54,335,62.79,263.89,653.97,52.57,Type_3,Area_4,Type_4
12609,2133,3,15,0,0,1298,199,211,148,1358,81.97,154.17,815.0,50.91,Type_17,Area_4,Type_4
12408,2258,124,34,277,158,792,253,194,39,270,43.04,337.88,1128.78,24.99,Type_3,Area_4,Type_4
2201,2032,31,10,30,5,451,218,218,135,618,88.61,265.54,428.38,43.43,Type_17,Area_4,Type_4
5431,2266,354,27,30,8,1653,166,183,147,850,66.44,318.42,585.18,13.2,Type_10,Area_4,Type_4
4194,2146,100,14,0,0,1422,243,219,102,774,73.81,251.26,651.76,51.21,Type_3,Area_4,Type_4
13205,2287,68,23,60,35,360,236,188,71,1639,60.27,446.39,395.42,28.0,Type_4,Area_4,Type_4
13346,2290,84,22,0,0,1328,245,197,70,824,56.18,215.34,501.73,41.13,Type_17,Area_4,Type_4
4334,2209,177,5,0,0,793,222,242,155,350,68.64,267.73,1037.5,16.01,Type_14,Area_4,Type_4
2600,2046,98,10,0,0,799,237,225,118,612,38.03,332.66,834.23,41.82,Type_1,Area_4,Type_4
4938,2196,329,10,30,0,853,196,228,172,1445,64.14,193.09,797.05,60.91,Type_4,Area_4,Type_4
4558,2329,90,6,0,0,1385,230,230,134,285,70.74,311.18,644.65,55.15,Type_6,Area_4,Type_4
3172,2065,338,8,0,0,543,202,228,165,175,45.61,285.21,822.96,27.73,Type_3,Area_4,Type_4
4044,2289,133,21,234,106,1345,248,225,95,973,67.16,186.71,739.87,29.32,Type_3,Area_4,Type_4
2144,2037,29,24,0,0,582,204,182,104,485,48.86,266.03,597.47,42.24,Type_10,Area_4,Type_4
5157,2179,112,25,30,5,1421,253,204,63,537,41.04,229.3,298.18,58.39,Type_2,Area_4,Type_4
4123,2219,110,10,0,0,1159,237,230,123,301,71.87,311.12,166.02,24.79,Type_17,Area_4,Type_4
3419,2314,237,17,390,20,1242,187,253,200,815,43.92,237.87,497.89,12.09,Type_2,Area_4,Type_4
13249,2273,167,12,0,0,1560,230,244,145,631,64.85,168.56,835.61,34.27,Type_3,Area_4,Type_4
4968,2372,76,19,342,147,551,240,200,83,1771,72.91,170.12,630.1,39.89,Type_6,Area_4,Type_4
12598,2237,72,23,228,107,1266,239,189,69,666,56.31,158.25,399.48,22.92,Type_10,Area_4,Type_4
13123,2397,114,10,30,11,875,238,230,122,999,33.98,262.42,545.71,18.01,Type_6,Area_4,Type_4
12222,2048,142,16,42,2,882,241,235,118,543,34.4,206.4,856.92,19.22,Type_1,Area_4,Type_4
13376,2296,18,3,0,0,1200,217,233,153,977,64.03,372.3,186.43,38.47,Type_17,Area_4,Type_4
4590,2157,76,14,0,0,741,236,214,106,1513,73.76,315.95,1128.36,64.16,Type_1,Area_4,Type_4
5482,2245,46,18,0,0,379,223,199,104,1777,47.64,244.68,1043.28,47.97,Type_4,Area_4,Type_4
5310,2253,119,25,67,28,474,253,210,70,1826,83.64,152.23,421.96,56.13,Type_3,Area_4,Type_4
3934,2192,159,16,0,0,816,235,241,131,420,43.36,433.05,923.77,11.25,Type_4,Area_4,Type_4
13055,2216,73,16,0,0,1574,237,207,96,272,32.54,220.5,964.58,64.2,Type_3,Area_4,Type_4
3430,2253,117,41,234,149,882,251,168,0,313,65.22,165.05,1125.32,41.89,Type_3,Area_4,Type_4
4753,2182,93,23,0,0,730,249,197,64,1001,70.54,256.69,439.33,35.53,Type_4,Area_4,Type_4
2789,2066,325,23,0,0,976,158,209,188,242,87.09,323.57,461.96,17.07,Type_10,Area_4,Type_4
3956,2292,136,19,256,129,1429,246,229,104,890,82.1,343.34,1125.74,46.7,Type_3,Area_4,Type_4
5033,2355,79,11,0,0,1207,234,220,117,659,63.86,219.99,341.29,6.96,Type_16,Area_4,Type_4
4047,2248,137,26,162,90,1443,249,221,83,853,49.82,156.48,814.68,29.08,Type_3,Area_4,Type_4
5748,2311,52,8,0,0,968,225,223,132,912,88.8,419.01,1160.96,21.88,Type_14,Area_4,Type_4
5010,2235,0,1,0,0,1556,217,236,156,866,55.82,350.51,708.29,33.93,Type_17,Area_4,Type_4
12744,2207,45,3,0,0,792,220,232,148,319,41.19,334.34,290.84,29.81,Type_14,Area_4,Type_4
3796,2133,321,28,30,15,1165,136,200,197,1207,69.52,297.44,511.34,58.9,Type_17,Area_4,Type_4
4077,2216,145,6,0,0,1110,228,239,144,404,55.74,203.16,284.26,23.64,Type_17,Area_4,Type_4
5479,2288,103,25,120,47,268,252,199,60,1736,75.97,439.72,1179.51,27.47,Type_3,Area_4,Type_4
3508,2341,231,26,430,47,1233,171,253,209,765,57.9,213.64,479.45,28.19,Type_6,Area_4,Type_4
12391,2078,114,8,0,0,1328,235,232,129,663,70.96,263.3,457.11,53.45,Type_1,Area_4,Type_4
4483,2356,117,21,339,159,876,251,215,81,1473,63.21,313.8,781.58,48.98,Type_6,Area_4,Type_4
2764,2071,116,26,30,-4,912,253,206,63,175,56.86,346.45,343.4,8.58,Type_1,Area_4,Type_4
5171,2284,34,5,0,0,531,219,228,145,832,55.53,381.3,281.93,48.16,Type_4,Area_4,Type_4
3304,2161,117,33,150,83,685,254,191,37,60,49.27,355.97,499.96,16.49,Type_3,Area_4,Type_4
4554,2176,339,11,42,4,1214,196,224,167,1087,83.17,329.3,131.58,36.36,Type_4,Area_4,Type_4
6030,2400,68,19,0,0,655,236,198,86,379,36.07,231.33,708.5,51.01,Type_1,Area_4,Type_4
4899,2155,96,6,0,0,1523,231,231,133,218,35.39,329.72,106.97,62.15,Type_3,Area_4,Type_4
3613,2271,122,28,366,145,1167,254,205,58,636,52.47,334.86,572.18,61.71,Type_3,Area_4,Type_4
5192,2189,114,27,0,0,1464,254,200,55,525,72.05,225.74,541.51,41.63,Type_2,Area_4,Type_4
4933,2369,70,17,366,148,573,236,204,93,1752,87.69,321.74,350.24,57.35,Type_6,Area_4,Type_4
4342,2370,37,12,446,176,916,219,214,128,1465,32.9,381.88,170.33,24.29,Type_6,Area_4,Type_4
3299,2243,129,34,258,143,774,252,199,46,240,52.53,362.66,626.04,12.8,Type_3,Area_4,Type_4
3072,2196,102,33,212,128,525,253,177,23,190,66.6,351.18,177.48,11.26,Type_3,Area_4,Type_4
3651,2116,77,16,0,0,1273,238,210,98,960,76.17,328.45,306.07,52.37,Type_17,Area_4,Type_4
5725,2308,59,13,0,0,1006,229,213,115,872,37.82,436.26,882.33,43.18,Type_14,Area_4,Type_4
3988,2166,207,28,30,13,1209,189,252,183,1012,57.0,158.67,575.85,59.53,Type_1,Area_4,Type_4
12918,2329,131,25,277,132,716,250,218,80,1602,66.78,332.01,1011.64,61.12,Type_3,Area_4,Type_4
5828,2306,348,23,0,0,983,172,196,159,918,34.24,204.95,417.37,39.14,Type_10,Area_4,Type_4
3164,2252,136,32,285,174,666,249,207,58,201,60.16,292.67,551.42,48.0,Type_3,Area_4,Type_4
12544,2316,132,28,541,153,1471,251,213,70,997,43.06,189.63,620.46,44.51,Type_2,Area_4,Type_4
5215,2369,114,35,212,128,384,254,183,26,1911,53.63,390.4,429.65,33.08,Type_3,Area_4,Type_4
13051,2355,111,36,216,114,426,253,176,16,1869,85.66,245.97,901.55,56.89,Type_3,Area_4,Type_4
12276,2080,305,23,30,16,979,150,221,208,242,53.45,266.13,1138.12,10.58,Type_17,Area_4,Type_4
5453,2221,63,13,0,0,1383,231,212,111,551,42.81,153.91,791.97,31.93,Type_2,Area_4,Type_4
12800,2324,116,26,297,131,999,253,206,63,1340,56.1,189.94,763.64,31.86,Type_3,Area_4,Type_4
2159,2025,33,19,42,9,424,213,195,111,503,57.02,186.31,118.51,19.44,Type_10,Area_4,Type_4
4787,2239,136,31,85,42,849,249,210,63,1443,82.55,246.26,145.08,18.57,Type_3,Area_4,Type_4
5747,2316,83,11,0,0,960,235,221,116,927,70.46,414.19,798.09,5.73,Type_5,Area_4,Type_4
4788,2227,134,32,67,33,870,250,206,57,1421,84.32,361.97,421.11,41.17,Type_3,Area_4,Type_4
12829,2172,128,13,0,0,1211,241,232,118,1084,52.53,299.06,927.95,30.04,Type_4,Area_4,Type_4
4576,2288,23,2,0,0,175,218,235,154,408,48.76,211.12,521.51,59.16,Type_11,Area_4,Type_4
12392,2353,117,9,228,59,960,236,232,128,573,86.44,255.79,90.02,21.02,Type_6,Area_4,Type_4
3719,2168,316,15,0,0,1034,179,226,187,685,56.57,434.34,896.78,50.29,Type_14,Area_4,Type_4
5668,2278,99,14,30,12,390,242,220,104,1597,80.07,384.24,768.77,27.1,Type_4,Area_4,Type_4
12494,2101,39,19,0,0,630,217,195,106,684,38.05,374.36,184.63,42.79,Type_5,Area_4,Type_4
5064,2287,112,28,216,66,594,254,198,52,1698,49.67,441.7,1120.98,57.9,Type_3,Area_4,Type_4
4000,2332,225,3,361,144,1279,215,242,165,1087,39.68,402.83,645.62,5.96,Type_6,Area_4,Type_4
2649,2053,48,11,30,0,983,224,215,123,424,55.96,270.3,726.67,62.91,Type_17,Area_4,Type_4
12710,2210,122,22,0,0,765,251,216,81,350,49.7,202.95,895.08,57.83,Type_4,Area_4,Type_4
4278,2232,147,27,0,0,722,244,225,92,443,50.29,380.72,596.82,27.29,Type_4,Area_4,Type_4
12886,2207,219,16,30,4,1478,199,254,187,830,35.04,292.48,760.33,9.1,Type_17,Area_4,Type_4
5650,2247,11,2,0,0,1189,217,234,155,713,64.85,191.04,109.12,17.59,Type_2,Area_4,Type_4
4486,2319,119,26,277,125,932,253,207,64,1398,74.54,257.58,856.58,15.71,Type_3,Area_4,Type_4
2291,2030,121,4,0,0,481,227,236,144,644,66.65,223.15,801.14,16.59,Type_17,Area_4,Type_4
3503,2335,68,8,499,256,1423,228,225,130,1001,89.83,281.73,272.51,7.22,Type_2,Area_4,Type_4
3286,2336,235,6,342,42,1240,210,245,173,870,34.54,165.19,776.59,26.95,Type_2,Area_4,Type_4
4633,2238,173,17,30,4,1455,228,246,144,601,78.14,165.74,1075.2,38.58,Type_1,Area_4,Type_4
4595,2396,149,12,430,199,741,236,239,131,1600,55.65,270.54,230.75,19.59,Type_6,Area_4,Type_4
3497,2107,130,19,30,3,1350,247,226,100,895,81.78,298.35,474.06,17.26,Type_1,Area_4,Type_4
12759,2214,146,14,0,0,782,239,237,125,342,42.8,200.14,439.62,33.76,Type_14,Area_4,Type_4
12340,2052,316,14,0,0,361,182,227,185,324,39.01,409.38,849.97,27.83,Type_3,Area_4,Type_4
12401,2136,41,5,0,0,955,220,229,145,641,74.62,272.04,480.95,23.78,Type_14,Area_4,Type_4
5333,2234,147,11,0,0,446,235,239,133,1022,35.22,345.14,162.64,28.07,Type_16,Area_4,Type_4
4151,2238,139,24,124,75,1379,248,224,90,914,37.09,298.35,854.15,36.88,Type_3,Area_4,Type_4
3152,2076,322,11,0,0,1329,193,229,176,641,44.9,274.31,884.57,17.64,Type_17,Area_4,Type_4
3724,2129,341,27,30,19,1209,152,188,168,1115,41.14,319.1,782.26,21.66,Type_17,Area_4,Type_4
4653,2200,113,22,42,13,1018,251,211,76,1273,58.53,157.33,1100.37,45.68,Type_3,Area_4,Type_4
3284,2075,292,9,0,0,1383,196,239,183,722,82.95,326.83,838.24,14.72,Type_17,Area_4,Type_4
2964,2079,102,35,67,35,313,252,170,14,351,88.71,423.53,1099.53,9.61,Type_3,Area_4,Type_4
5855,2319,315,3,0,0,953,211,237,164,947,54.41,238.21,102.8,23.19,Type_10,Area_4,Type_4
3765,2206,97,13,228,80,1200,241,221,108,607,59.57,401.02,464.29,13.78,Type_10,Area_4,Type_4
12823,2202,321,3,30,2,1358,211,236,164,743,38.68,361.68,191.13,12.6,Type_17,Area_4,Type_4
3092,2254,96,33,283,182,600,251,174,24,212,87.45,205.17,853.44,23.07,Type_3,Area_4,Type_4
4869,2260,116,13,30,5,811,242,227,112,560,65.79,220.99,1034.53,14.04,Type_4,Area_4,Type_4
4087,2314,122,16,382,134,1176,245,226,105,1195,37.86,435.95,1024.96,7.73,Type_6,Area_4,Type_4
12379,2300,124,37,351,213,680,252,186,26,268,61.64,444.4,454.33,48.66,Type_3,Area_4,Type_4
2619,2055,108,2,0,0,865,221,237,151,256,80.56,250.08,342.05,60.9,Type_1,Area_4,Type_4
2695,2045,352,10,0,0,895,202,222,158,570,87.81,332.08,745.47,49.89,Type_17,Area_4,Type_4
5255,2295,57,12,30,7,446,228,215,119,808,81.78,279.58,666.07,23.07,Type_4,Area_4,Type_4
4347,2340,109,19,339,147,1003,249,215,86,1348,77.99,415.52,496.4,39.91,Type_6,Area_4,Type_4
3027,2079,262,2,0,0,1231,215,239,162,513,86.67,366.44,595.55,21.54,Type_17,Area_4,Type_4
4083,2127,255,5,30,-4,977,209,243,172,1423,67.52,409.61,879.28,43.97,Type_17,Area_4,Type_4
3970,2280,4,7,0,0,1048,211,227,153,371,53.86,375.26,119.94,16.56,Type_16,Area_4,Type_4
3728,2276,122,13,470,118,1423,242,229,114,920,35.54,339.03,137.23,30.03,Type_2,Area_4,Type_4
2862,2073,267,8,0,0,984,200,244,183,256,46.95,194.61,445.61,14.37,Type_17,Area_4,Type_4
3766,2203,158,15,201,77,1182,235,241,132,582,48.0,364.98,979.73,13.54,Type_3,Area_4,Type_4
13045,2287,111,11,0,0,511,240,228,117,824,55.56,400.16,736.95,8.25,Type_4,Area_4,Type_4
12928,2134,114,11,0,0,1365,239,229,119,360,61.17,206.73,646.57,60.81,Type_3,Area_4,Type_4
12061,2033,39,20,42,10,514,217,192,103,564,87.14,449.53,758.8,28.21,Type_10,Area_4,Type_4
6224,2305,137,9,0,0,849,234,237,134,815,52.0,325.73,198.04,64.12,Type_17,Area_4,Type_4
3471,2287,141,22,400,167,1082,246,228,99,582,31.15,197.28,1061.23,36.99,Type_3,Area_4,Type_4
12456,2105,136,17,0,0,1397,244,231,109,824,38.98,215.93,398.4,31.43,Type_1,Area_4,Type_4
5016,2190,270,10,30,2,595,194,244,189,1252,42.7,172.44,820.55,11.17,Type_16,Area_4,Type_4
3130,2280,125,35,323,202,661,252,191,34,242,80.31,213.48,231.14,5.73,Type_3,Area_4,Type_4
12587,2215,60,26,216,89,1224,230,177,65,624,42.51,206.11,811.22,6.95,Type_10,Area_4,Type_4
5438,2308,115,29,150,67,258,254,197,47,1756,80.5,355.07,298.17,14.96,Type_3,Area_4,Type_4
4685,2207,183,29,0,0,1485,214,244,143,870,76.53,224.3,483.21,34.61,Type_1,Area_4,Type_4
4224,2173,22,13,30,-1,1271,211,211,134,886,78.6,385.91,393.09,50.88,Type_17,Area_4,Type_4
3259,2188,128,31,182,110,671,252,203,52,95,53.51,348.71,579.4,63.09,Type_3,Area_4,Type_4
3294,2346,224,28,342,52,912,171,252,205,450,62.51,445.15,363.18,64.51,Type_6,Area_4,Type_4
3097,2094,99,29,85,41,495,252,185,40,175,88.62,334.08,618.54,22.78,Type_3,Area_4,Type_4
3465,2101,268,18,0,0,1388,172,244,210,842,40.76,378.3,186.01,30.17,Type_17,Area_4,Type_4
4200,2338,248,9,150,12,1176,202,247,183,108,67.03,448.85,915.1,50.82,Type_6,Area_4,Type_4
13315,2339,61,11,0,0,430,229,218,121,571,60.01,322.0,177.74,61.13,Type_2,Area_4,Type_4
4878,2366,84,16,390,145,595,241,211,95,1734,71.76,241.11,345.65,33.09,Type_6,Area_4,Type_4
2962,2140,63,34,150,89,350,227,150,29,331,50.72,290.33,185.15,12.37,Type_10,Area_4,Type_4
5481,2264,80,20,60,23,323,242,200,78,1756,78.7,405.36,303.13,49.29,Type_3,Area_4,Type_4
12873,2181,36,2,0,0,1084,219,234,152,1211,52.27,212.54,704.93,65.0,Type_4,Area_4,Type_4
13035,2278,80,20,0,0,1044,242,201,80,1194,32.54,295.7,1156.27,52.94,Type_10,Area_4,Type_4
5651,2248,345,8,0,0,1194,204,227,162,721,74.5,193.47,692.94,60.49,Type_14,Area_4,Type_4
12591,2177,284,23,30,12,1036,149,233,221,592,82.89,343.98,730.39,53.92,Type_14,Area_4,Type_4
3980,2198,126,13,0,0,787,242,231,115,395,55.57,346.8,710.67,60.95,Type_14,Area_4,Type_4
4135,2172,261,18,30,10,1195,172,247,211,808,65.61,194.06,113.54,26.11,Type_10,Area_4,Type_4
4429,2220,18,12,0,0,828,211,215,140,351,40.74,415.68,753.89,7.39,Type_14,Area_4,Type_4
5902,2355,337,10,0,0,819,197,225,167,1533,62.58,363.95,661.1,21.17,Type_5,Area_4,Type_4
13322,2359,96,17,0,0,524,245,213,90,484,50.34,402.43,242.21,55.59,Type_1,Area_4,Type_4
12971,2180,45,10,0,0,1641,223,219,130,127,60.2,170.22,1164.86,57.77,Type_3,Area_4,Type_4
12495,2094,44,20,0,0,600,220,191,97,655,34.45,240.53,632.66,39.56,Type_5,Area_4,Type_4
3208,2252,128,35,295,165,708,252,195,39,218,74.9,201.54,687.58,46.96,Type_3,Area_4,Type_4
2270,2041,112,25,30,2,510,253,203,62,685,60.74,220.55,430.37,41.8,Type_1,Area_4,Type_4
3249,2354,126,22,247,60,1003,250,219,85,601,82.23,250.19,507.96,8.04,Type_6,Area_4,Type_4
5508,2316,128,16,210,75,175,245,228,107,1681,49.37,434.74,646.96,13.9,Type_3,Area_4,Type_4
3433,2185,121,28,150,85,819,254,205,59,201,75.4,301.91,1086.39,58.97,Type_3,Area_4,Type_4
3254,2330,123,41,361,230,828,249,173,0,361,37.03,433.86,409.31,39.96,Type_3,Area_4,Type_4
2806,2064,335,13,30,-11,955,189,221,171,212,88.64,384.6,704.23,64.48,Type_17,Area_4,Type_4
3506,2291,157,10,470,-2,1326,231,242,142,883,67.36,369.81,492.14,19.19,Type_2,Area_4,Type_4
5575,2233,35,11,0,0,1288,219,215,130,646,68.84,357.67,850.49,32.83,Type_2,Area_4,Type_4
6371,2391,62,16,0,0,708,232,205,101,886,69.84,350.92,209.77,7.43,Type_1,Area_4,Type_4
3865,2137,13,12,0,0,1266,208,215,142,1366,36.35,348.4,176.63,54.19,Type_17,Area_4,Type_4
12548,2292,177,29,443,152,1315,219,242,134,797,70.79,231.81,933.04,30.81,Type_3,Area_4,Type_4
3804,2165,127,30,85,40,1142,253,206,58,509,89.01,163.99,628.95,18.81,Type_3,Area_4,Type_4
12480,2008,81,6,0,0,300,228,230,136,362,35.3,271.66,204.65,30.27,Type_14,Area_4,Type_4
4802,2134,15,16,0,0,1218,204,206,136,540,34.23,256.44,872.02,18.95,Type_14,Area_4,Type_4
4652,2212,119,25,67,25,997,253,210,69,1294,73.05,428.08,460.15,30.95,Type_3,Area_4,Type_4
4010,2171,114,27,85,35,1317,254,200,55,680,33.4,238.89,1104.76,45.71,Type_3,Area_4,Type_4
3556,2327,215,26,459,33,1253,184,253,192,771,67.44,301.75,898.76,53.81,Type_6,Area_4,Type_4
3675,2108,338,16,0,0,920,183,215,170,256,66.5,184.46,268.15,37.77,Type_4,Area_4,Type_4
3422,2360,143,18,361,66,1149,243,233,111,696,67.42,438.95,759.35,55.96,Type_6,Area_4,Type_4
5231,2182,91,16,0,0,1485,243,212,93,541,69.88,234.88,914.12,15.84,Type_2,Area_4,Type_4
3257,2241,128,34,268,150,732,252,197,42,212,71.52,399.29,1124.7,53.56,Type_3,Area_4,Type_4
3617,2271,207,33,277,151,1087,180,248,182,524,63.41,286.22,869.8,20.29,Type_3,Area_4,Type_4
3255,2309,125,40,339,209,807,250,178,15,331,50.23,212.1,233.53,52.82,Type_3,Area_4,Type_4
12642,2331,11,9,361,148,1321,211,222,148,1047,70.7,273.45,792.83,61.39,Type_6,Area_4,Type_4
4229,2135,13,8,0,0,882,213,225,149,1493,57.97,353.23,403.57,34.31,Type_17,Area_4,Type_4
2162,2014,59,4,0,0,488,223,231,143,484,67.26,258.12,913.74,42.35,Type_17,Area_4,Type_4
3614,2258,137,24,342,133,1146,249,222,87,607,77.86,428.45,1086.64,32.9,Type_3,Area_4,Type_4
3201,2358,73,12,218,64,984,234,217,113,603,63.2,221.15,841.85,37.61,Type_6,Area_4,Type_4
3288,2336,204,12,309,42,1190,213,251,171,810,78.21,402.36,975.85,42.09,Type_2,Area_4,Type_4
4741,2192,320,11,85,11,1092,192,230,177,1218,73.12,370.09,347.4,29.04,Type_10,Area_4,Type_4
2648,2062,322,21,30,3,882,162,214,189,247,60.02,380.48,222.5,43.42,Type_17,Area_4,Type_4
4779,2373,118,19,395,176,642,249,220,92,1698,44.47,425.22,714.79,44.52,Type_6,Area_4,Type_4
3955,2304,135,14,283,141,1392,241,233,118,942,43.89,278.75,236.72,60.51,Type_3,Area_4,Type_4
3076,2054,311,10,0,0,451,194,233,179,255,81.97,318.19,521.62,58.75,Type_4,Area_4,Type_4
4032,2178,314,30,30,19,1148,127,201,206,816,46.24,364.67,586.8,56.34,Type_17,Area_4,Type_4
5652,2319,333,10,0,0,1120,197,228,169,1410,70.51,180.97,783.96,49.23,Type_10,Area_4,Type_4
12791,2079,28,18,0,0,481,210,198,118,752,47.56,388.01,519.0,7.83,Type_10,Area_4,Type_4
13373,2299,175,16,0,0,1140,227,247,147,1026,31.05,348.4,935.84,13.65,Type_17,Area_4,Type_4
6142,2439,34,9,0,0,371,219,221,138,1289,51.7,261.82,553.35,33.23,Type_6,Area_4,Type_4
12533,2327,109,27,547,246,1452,254,198,53,990,33.22,282.04,548.17,43.82,Type_2,Area_4,Type_4
6135,2284,43,19,0,0,120,220,194,101,1036,31.08,224.27,792.53,12.57,Type_14,Area_4,Type_4
4800,2142,137,19,0,0,1390,245,229,105,330,68.09,420.64,858.91,5.89,Type_3,Area_4,Type_4
12171,2043,123,23,30,7,671,251,216,80,691,51.9,316.17,840.87,42.85,Type_1,Area_4,Type_4
3630,2021,343,13,0,0,360,192,219,165,458,67.64,377.2,303.38,8.05,Type_14,Area_4,Type_4
5537,2254,50,19,0,0,395,225,196,97,1733,38.73,191.58,890.9,59.63,Type_4,Area_4,Type_4
5141,2266,105,23,150,45,573,251,206,71,1718,64.54,401.82,1038.08,60.36,Type_3,Area_4,Type_4
3880,2125,109,17,0,0,1167,247,219,96,516,43.88,390.86,1085.77,30.29,Type_3,Area_4,Type_4
4396,2368,73,15,404,174,907,237,209,100,1466,80.53,354.72,1024.1,42.8,Type_6,Area_4,Type_4
5308,2294,119,32,108,53,404,254,195,42,1888,53.35,162.61,585.84,8.04,Type_3,Area_4,Type_4
4086,2326,87,20,404,146,1158,244,204,80,1221,33.6,378.66,471.18,55.41,Type_6,Area_4,Type_4
3517,2293,131,38,268,180,984,249,190,31,418,35.11,338.22,1188.96,64.19,Type_3,Area_4,Type_4
4333,2211,128,8,0,0,778,234,235,133,376,56.39,282.01,971.86,5.87,Type_14,Area_4,Type_4
5366,2228,319,5,0,0,446,206,235,168,979,89.42,245.4,429.04,49.82,Type_16,Area_4,Type_4
3470,2298,126,29,395,4,1103,253,206,60,612,40.18,206.68,1126.65,62.32,Type_3,Area_4,Type_4
3960,2246,118,27,190,100,1374,254,204,59,768,32.36,405.84,230.27,64.06,Type_3,Area_4,Type_4
2250,2039,128,13,0,0,480,242,231,116,674,36.9,215.24,355.01,37.3,Type_1,Area_4,Type_4
4354,2168,113,19,0,0,1338,249,217,87,957,87.48,252.27,870.26,48.51,Type_3,Area_4,Type_4
3802,2187,138,19,134,62,1173,246,229,103,553,86.3,170.4,899.5,28.06,Type_10,Area_4,Type_4
12670,2305,126,19,277,122,1350,248,223,95,983,36.18,299.03,1077.72,40.69,Type_3,Area_4,Type_4
3693,2123,141,26,42,12,1259,247,222,86,1142,76.51,225.67,1184.02,10.18,Type_1,Area_4,Type_4
4866,2306,54,2,0,0,108,220,234,150,85,68.14,418.67,620.24,29.44,Type_10,Area_4,Type_4
12637,2138,27,18,30,7,1374,210,199,120,1362,73.31,249.29,231.78,19.28,Type_17,Area_4,Type_4
4535,2204,110,12,30,2,1385,241,226,112,743,63.31,310.46,235.41,35.96,Type_17,Area_4,Type_4
6337,2338,11,7,0,0,446,213,225,150,1471,40.09,190.11,439.94,41.22,Type_14,Area_4,Type_4
4236,2321,93,23,339,137,1087,249,198,65,1266,48.95,403.22,332.59,62.52,Type_6,Area_4,Type_4
13180,2230,72,8,0,0,1315,230,224,127,618,58.23,251.3,388.51,11.02,Type_2,Area_4,Type_4
6100,2298,162,19,0,0,1110,235,241,128,1055,82.46,411.5,794.42,24.29,Type_3,Area_4,Type_4
5600,2277,25,12,0,0,1167,213,213,134,711,72.92,290.27,733.09,61.99,Type_3,Area_4,Type_4
4490,2224,170,22,108,43,1082,230,243,133,1211,63.83,329.48,186.58,38.56,Type_3,Area_4,Type_4
3117,2118,154,21,0,0,553,239,237,117,457,74.32,239.91,160.55,29.22,Type_4,Area_4,Type_4
4575,2289,41,5,0,0,150,220,229,145,384,75.6,365.52,904.24,40.14,Type_11,Area_4,Type_4
6357,2314,2,5,0,0,524,212,229,155,659,62.43,245.5,815.14,23.18,Type_17,Area_4,Type_4
3655,2339,126,21,518,264,1476,250,220,87,1019,31.83,243.65,829.89,16.7,Type_2,Area_4,Type_4
3734,2214,173,22,242,88,1176,228,244,137,592,60.09,285.44,142.02,47.41,Type_3,Area_4,Type_4
3191,2121,0,9,0,0,768,206,222,154,553,48.47,259.02,261.54,7.84,Type_14,Area_4,Type_4
3940,2144,22,7,0,0,1291,216,225,146,1213,55.09,424.83,715.26,17.5,Type_17,Area_4,Type_4
3020,2088,59,1,0,0,350,220,235,152,540,77.03,418.77,819.81,14.77,Type_14,Area_4,Type_4
12940,2143,27,20,0,0,1237,207,193,115,541,47.12,363.2,951.78,62.48,Type_14,Area_4,Type_4
4076,2226,186,23,30,11,1110,217,249,153,342,64.52,443.81,630.73,22.52,Type_1,Area_4,Type_4
3522,2094,136,14,30,7,808,241,234,119,150,58.15,391.03,349.5,25.43,Type_3,Area_4,Type_4
4596,2372,116,19,350,175,792,249,218,89,1556,68.71,181.72,497.21,39.33,Type_6,Area_4,Type_4
3871,2126,296,21,85,16,1121,157,229,210,1288,53.72,266.88,698.93,59.36,Type_17,Area_4,Type_4
5644,2290,87,18,60,35,360,244,207,87,1611,50.98,375.62,448.42,36.01,Type_4,Area_4,Type_4
1989,2000,318,7,30,4,108,201,234,172,268,56.21,369.16,839.25,60.06,Type_17,Area_4,Type_4
12410,2141,108,35,120,63,674,253,175,18,30,88.75,252.68,794.38,46.14,Type_3,Area_4,Type_4
13120,2369,144,25,242,128,234,246,226,94,1790,42.36,260.47,545.87,54.1,Type_3,Area_4,Type_4
12269,2069,323,17,0,0,957,175,221,184,216,66.64,282.31,612.29,6.16,Type_17,Area_4,Type_4
12376,2111,105,9,0,0,534,236,229,123,446,75.06,395.84,745.13,34.63,Type_14,Area_4,Type_4
4073,2212,164,8,0,0,1120,228,243,147,272,65.65,312.39,120.2,25.59,Type_17,Area_4,Type_4
3737,2208,148,30,150,88,1107,243,221,83,492,69.71,198.18,218.41,33.27,Type_3,Area_4,Type_4
4686,2212,182,22,0,0,1495,220,248,149,912,53.59,381.41,979.87,38.4,Type_17,Area_4,Type_4
3485,2250,72,17,0,0,1020,237,206,95,990,64.99,247.54,160.41,33.27,Type_6,Area_4,Type_4
3992,2123,46,23,0,0,1100,220,184,88,1456,42.67,265.11,728.13,43.64,Type_17,Area_4,Type_4
12723,2253,202,20,0,0,511,207,253,174,592,84.22,256.23,1032.86,18.8,Type_4,Area_4,Type_4
12797,2145,337,17,0,0,787,181,215,171,1566,79.43,320.79,183.64,25.51,Type_17,Area_4,Type_4
3094,2149,112,36,150,81,524,253,177,18,150,80.39,321.99,117.72,56.48,Type_3,Area_4,Type_4
3660,2302,226,22,484,162,1316,184,254,200,816,84.64,396.64,164.74,62.48,Type_6,Area_4,Type_4
4947,2177,24,16,0,0,1616,209,203,127,150,67.39,238.02,250.69,21.42,Type_3,Area_4,Type_4
4155,2190,147,28,60,32,1441,244,224,88,807,45.27,268.96,344.47,50.29,Type_3,Area_4,Type_4
12192,2044,107,19,0,0,726,248,215,88,664,44.0,157.32,156.5,22.36,Type_1,Area_4,Type_4
12716,2218,138,28,95,55,1421,249,216,75,870,36.76,365.58,838.89,40.71,Type_3,Area_4,Type_4
6034,2393,49,19,0,0,693,224,195,97,1170,44.02,354.33,706.65,13.87,Type_10,Area_4,Type_4
3698,2280,152,31,417,144,1273,240,223,88,741,70.07,187.79,1108.67,51.28,Type_3,Area_4,Type_4
13214,2441,85,13,0,0,569,238,218,109,1307,85.59,205.98,1184.57,8.64,Type_5,Area_4,Type_4
3372,2315,103,37,297,204,895,252,166,6,365,65.72,194.37,584.61,33.79,Type_3,Area_4,Type_4
13068,2211,94,11,30,4,659,238,223,115,1663,63.63,333.56,183.63,7.22,Type_4,Area_4,Type_4
5052,2270,79,7,0,0,658,230,227,130,713,78.31,171.61,910.56,34.15,Type_4,Area_4,Type_4
3244,2353,239,15,256,59,1123,191,252,197,751,71.79,181.56,311.52,11.5,Type_6,Area_4,Type_4
5258,2245,358,8,0,0,1575,208,225,155,1020,62.98,406.89,585.91,60.16,Type_17,Area_4,Type_4
4056,2276,326,18,0,0,1138,174,218,183,331,30.97,261.37,1062.8,57.17,Type_1,Area_4,Type_4
3670,2199,116,30,150,86,1008,254,195,44,384,56.94,280.01,839.65,26.37,Type_3,Area_4,Type_4
3434,2159,125,25,124,59,792,252,213,72,150,56.54,297.06,201.13,39.01,Type_3,Area_4,Type_4
3173,2073,312,24,0,0,541,150,215,202,201,39.57,261.57,335.43,13.61,Type_4,Area_4,Type_4
2676,2052,307,15,0,0,830,178,230,192,631,47.24,157.51,363.05,57.31,Type_17,Area_4,Type_4
12375,2111,211,14,0,0,616,208,252,178,499,84.71,188.39,1147.22,15.32,Type_4,Area_4,Type_4
12550,2235,174,31,212,110,1116,221,238,126,525,81.67,210.34,1136.06,24.7,Type_3,Area_4,Type_4
12938,2239,128,32,95,42,806,252,202,52,1486,33.4,397.46,236.45,32.47,Type_3,Area_4,Type_4
6103,2308,194,22,42,12,1230,211,251,164,940,49.15,405.33,115.58,12.0,Type_3,Area_4,Type_4
3727,2295,127,23,499,132,1465,251,217,81,977,33.71,382.77,257.76,55.0,Type_2,Area_4,Type_4
4346,2349,108,14,361,156,984,243,223,106,1374,51.19,234.62,219.61,51.03,Type_6,Area_4,Type_4
3935,2191,190,18,0,0,841,218,251,161,421,48.43,295.1,274.82,48.82,Type_4,Area_4,Type_4
3611,2306,234,24,495,12,1296,173,253,209,808,64.28,404.26,842.76,50.99,Type_6,Area_4,Type_4
5029,2202,69,7,30,3,768,228,226,131,1530,73.57,298.12,779.81,10.72,Type_3,Area_4,Type_4
3365,2342,257,28,342,48,1176,145,243,230,752,86.34,311.2,263.64,45.19,Type_6,Area_4,Type_4
4739,2186,86,7,0,0,999,230,229,132,1296,52.49,436.43,493.34,8.96,Type_4,Area_4,Type_4
5144,2212,79,4,30,5,716,224,233,144,1598,75.98,428.18,195.27,58.24,Type_3,Area_4,Type_4
4586,2238,139,20,30,8,1418,246,229,102,571,87.94,278.05,1194.04,7.22,Type_1,Area_4,Type_4
3171,2084,106,26,42,16,553,253,197,54,127,69.31,426.54,1066.0,13.89,Type_3,Area_4,Type_4
3561,2265,194,20,339,140,1104,213,252,164,569,48.39,202.93,291.88,62.42,Type_3,Area_4,Type_4
4063,2036,102,17,0,0,313,246,215,91,573,75.92,421.0,130.66,16.45,Type_1,Area_4,Type_4
13018,2220,63,17,85,13,684,233,204,98,1614,62.4,220.89,1007.4,23.98,Type_3,Area_4,Type_4
6247,2332,90,9,0,0,319,234,226,123,1276,40.01,314.38,786.11,27.18,Type_14,Area_4,Type_4
2068,2006,53,12,0,0,255,227,215,120,366,45.52,447.54,1179.87,52.76,Type_17,Area_4,Type_4
12743,2264,64,6,0,0,258,226,228,136,362,59.28,390.99,264.78,20.55,Type_10,Area_4,Type_4
4179,2344,117,17,404,160,1074,247,222,97,1302,49.62,248.78,708.78,14.31,Type_6,Area_4,Type_4
2672,2047,50,8,0,0,949,224,223,134,481,53.71,290.14,872.26,25.49,Type_17,Area_4,Type_4
3260,2172,115,36,153,94,658,253,179,20,67,83.74,344.65,114.84,61.14,Type_3,Area_4,Type_4
4146,2304,143,18,255,121,1242,243,234,113,1082,68.99,414.62,331.95,53.64,Type_6,Area_4,Type_4
12825,2367,107,21,361,170,858,250,211,79,1498,86.0,161.75,942.92,24.77,Type_6,Area_4,Type_4
12907,2348,136,24,313,151,722,249,222,87,1608,64.47,223.03,397.75,53.18,Type_3,Area_4,Type_4
12217,2070,192,28,30,9,916,206,248,159,488,59.47,367.32,1145.74,19.88,Type_1,Area_4,Type_4
2575,2046,101,17,0,0,782,246,214,90,618,43.56,168.9,999.22,26.23,Type_1,Area_4,Type_4
5491,2262,111,13,0,0,1300,242,225,110,577,39.38,259.26,468.2,5.87,Type_3,Area_4,Type_4
3376,2179,126,27,162,79,778,253,209,65,162,76.68,416.77,617.46,56.9,Type_3,Area_4,Type_4
13080,2215,9,11,0,0,430,208,219,147,1153,86.67,405.66,716.22,64.1,Type_16,Area_4,Type_4
3435,2124,128,29,85,37,759,253,207,59,95,72.44,258.54,638.19,52.6,Type_3,Area_4,Type_4
12491,2139,136,32,67,39,847,249,208,59,192,78.26,364.57,185.27,5.9,Type_3,Area_4,Type_4
5063,2320,113,32,242,99,553,254,188,35,1742,60.14,423.61,649.58,39.04,Type_3,Area_4,Type_4
4989,2151,67,12,0,0,1273,232,216,115,582,73.88,345.62,779.79,19.64,Type_14,Area_4,Type_4
4745,2337,52,3,0,0,1437,221,233,149,430,43.96,382.04,533.34,33.21,Type_6,Area_4,Type_4
12384,2352,235,17,255,58,872,189,253,198,488,59.37,248.61,666.52,37.78,Type_6,Area_4,Type_4
12287,2074,80,12,30,4,966,236,218,111,247,75.84,317.62,1179.1,5.72,Type_17,Area_4,Type_4
3211,2153,103,38,134,81,618,251,163,0,67,39.62,383.73,1071.68,50.85,Type_3,Area_4,Type_4
5717,2275,99,9,0,0,360,235,228,123,1530,41.3,250.35,220.84,57.43,Type_4,Area_4,Type_4
13351,2378,354,9,0,0,618,206,225,158,1445,84.07,302.56,109.78,19.52,Type_5,Area_4,Type_4
12317,2078,49,29,95,49,256,218,166,64,408,55.18,404.01,1172.49,42.62,Type_10,Area_4,Type_4
13216,2289,81,9,30,6,1101,233,224,123,778,57.75,326.45,966.85,60.68,Type_5,Area_4,Type_4
13084,2238,133,20,60,13,541,247,226,98,1764,72.11,386.87,156.19,28.91,Type_3,Area_4,Type_4
5716,2265,9,21,0,0,391,191,192,133,658,48.1,271.68,96.67,47.79,Type_10,Area_4,Type_4
3515,2311,208,23,300,191,1022,197,254,182,474,81.15,238.41,453.31,48.33,Type_3,Area_4,Type_4
2482,2052,122,29,42,16,658,254,203,56,693,82.63,347.46,637.97,57.16,Type_1,Area_4,Type_4
12808,2282,50,8,0,0,242,224,222,132,451,49.42,263.56,1143.47,13.72,Type_11,Area_4,Type_4
6116,2306,135,21,30,0,1050,247,226,96,994,72.14,210.68,625.29,18.66,Type_3,Area_4,Type_4
4724,2195,189,3,30,-16,1515,219,241,158,892,55.12,407.71,1160.91,11.71,Type_17,Area_4,Type_4
3740,2154,126,33,67,41,1033,253,199,46,384,64.67,278.68,1064.03,7.45,Type_3,Area_4,Type_4
4945,2349,57,10,0,0,1275,227,220,126,592,77.64,425.97,910.21,11.07,Type_6,Area_4,Type_4
3938,2154,187,20,0,0,1140,218,250,157,918,39.61,170.66,343.3,13.21,Type_17,Area_4,Type_4
2164,2025,51,9,30,-1,518,225,220,128,537,80.49,388.06,215.44,25.63,Type_10,Area_4,Type_4
4925,2258,68,3,0,0,781,222,234,148,569,32.98,168.61,783.36,34.32,Type_10,Area_4,Type_4
12377,2075,298,16,0,0,1317,174,233,198,618,33.84,273.53,98.5,30.56,Type_17,Area_4,Type_4
12359,2177,106,34,182,126,510,253,177,20,182,38.72,375.67,701.72,55.28,Type_3,Area_4,Type_4
5006,2266,100,9,0,0,700,236,227,122,674,35.29,205.72,507.58,43.17,Type_4,Area_4,Type_4
3156,2363,254,24,277,73,850,159,247,222,459,68.96,351.46,1027.04,30.95,Type_6,Area_4,Type_4
6370,2398,58,19,0,0,732,230,197,92,875,79.81,183.03,1124.71,18.22,Type_1,Area_4,Type_4
6033,2524,24,3,283,41,67,218,233,152,1873,77.33,355.89,355.25,45.02,Type_6,Area_4,Type_4
4350,2261,205,22,192,81,1129,201,254,178,1176,67.89,271.61,310.55,18.03,Type_3,Area_4,Type_4
2601,2046,3,5,30,0,774,214,231,155,641,67.77,420.12,204.22,36.16,Type_17,Area_4,Type_4
3892,2175,336,11,0,0,1033,194,225,169,525,61.88,366.38,542.06,31.92,Type_14,Area_4,Type_4
2696,2057,315,18,0,0,850,169,222,192,630,61.14,186.93,1057.73,14.22,Type_17,Area_4,Type_4
4099,2147,116,22,30,11,1355,251,213,77,708,45.52,337.81,702.46,24.07,Type_3,Area_4,Type_4
3913,2305,80,9,295,142,1434,233,223,122,900,30.38,428.08,996.91,23.76,Type_10,Area_4,Type_4
4045,2274,142,23,201,111,1383,246,227,96,924,54.67,390.63,1024.76,34.15,Type_3,Area_4,Type_4
2888,2069,189,3,0,0,1008,219,241,158,285,54.56,429.22,686.95,8.75,Type_17,Area_4,Type_4
3243,2349,227,15,268,55,1148,196,253,191,781,62.45,257.71,106.44,56.11,Type_6,Area_4,Type_4
3993,2115,335,19,30,8,1075,174,211,175,1425,75.15,311.81,539.11,7.09,Type_17,Area_4,Type_4
12428,2076,324,4,0,0,671,209,235,165,95,65.62,317.62,1195.52,31.08,Type_3,Area_4,Type_4
13237,2275,32,9,0,0,1441,218,221,138,541,44.22,224.48,1135.47,17.04,Type_17,Area_4,Type_4
12411,2120,107,34,90,48,664,254,178,21,0,69.3,213.8,755.73,33.11,Type_3,Area_4,Type_4
13082,2360,119,36,192,119,361,253,184,25,1900,40.18,304.91,195.19,50.17,Type_3,Area_4,Type_4
3619,2242,126,38,201,129,1015,250,185,23,417,77.76,424.92,442.63,16.8,Type_3,Area_4,Type_4
5345,2386,77,14,0,0,914,237,214,105,957,87.64,443.9,990.58,59.0,Type_6,Area_4,Type_4
3006,2067,96,35,42,16,371,250,168,0,295,79.97,204.49,565.19,28.88,Type_3,Area_4,Type_4
2939,2083,313,17,0,0,180,171,224,193,684,87.13,274.06,973.95,24.23,Type_14,Area_4,Type_4
2212,2041,61,16,30,5,480,232,204,100,631,78.29,333.08,962.39,14.7,Type_10,Area_4,Type_4
4693,2286,120,27,170,89,853,254,206,61,1448,50.65,419.15,526.07,20.48,Type_3,Area_4,Type_4
3877,2195,98,22,134,69,1240,249,204,72,616,40.09,218.24,1140.19,22.73,Type_3,Area_4,Type_4
12407,2332,225,26,324,38,933,175,253,204,480,32.61,327.9,709.24,54.19,Type_6,Area_4,Type_4
4703,2120,104,10,30,3,1256,237,228,121,454,69.79,431.53,1048.76,50.55,Type_3,Area_4,Type_4
3560,2267,142,23,361,142,1124,246,228,98,598,57.58,389.34,491.0,15.13,Type_3,Area_4,Type_4
4970,2350,100,25,309,129,582,251,198,59,1725,55.63,299.87,562.5,30.64,Type_3,Area_4,Type_4
4446,2218,138,32,67,37,1167,248,211,65,1124,88.69,417.59,394.68,54.36,Type_3,Area_4,Type_4
12353,2053,66,15,0,0,424,233,210,105,258,45.16,211.69,1039.52,40.67,Type_3,Area_4,Type_4
6104,2311,177,20,42,13,1260,226,247,144,911,84.35,353.5,743.87,58.27,Type_3,Area_4,Type_4
4694,2233,114,28,95,40,933,254,199,51,1358,61.23,237.75,874.36,54.92,Type_3,Area_4,Type_4
12489,2304,122,33,421,179,1146,254,195,40,648,43.58,232.91,1103.3,29.74,Type_3,Area_4,Type_4
4301,2258,132,27,127,75,1231,251,214,72,1064,34.84,427.39,744.69,59.54,Type_3,Area_4,Type_4
3420,2325,266,24,379,31,1218,151,242,225,785,30.86,369.34,1138.39,26.68,Type_2,Area_4,Type_4
3769,2167,145,34,85,47,1101,244,212,68,467,39.86,432.15,885.82,11.93,Type_3,Area_4,Type_4
4225,2172,296,8,0,0,1282,197,238,180,914,64.99,207.31,909.35,34.1,Type_17,Area_4,Type_4
13067,2240,129,15,67,19,582,243,230,112,1722,66.6,384.19,234.55,13.2,Type_3,Area_4,Type_4
5305,2347,121,36,175,106,339,253,186,27,1871,55.97,427.99,547.36,36.67,Type_3,Area_4,Type_4
5070,2208,61,13,60,9,726,230,212,112,1572,30.72,162.13,743.15,62.47,Type_3,Area_4,Type_4
12419,2328,160,7,404,34,1307,228,242,147,930,76.86,263.92,135.19,58.4,Type_2,Area_4,Type_4
12715,2297,183,20,319,116,1190,221,249,151,1158,37.33,411.61,932.01,17.82,Type_3,Area_4,Type_4
5075,2368,76,12,0,0,1167,234,218,114,700,88.35,261.56,965.54,8.28,Type_6,Area_4,Type_4
3513,2284,229,24,339,164,1062,175,253,207,532,88.52,372.56,404.31,5.95,Type_3,Area_4,Type_4
3674,2128,117,28,42,17,953,254,200,53,300,36.7,440.34,1098.37,54.97,Type_3,Area_4,Type_4
3378,2146,126,25,124,59,741,252,214,74,85,41.26,184.75,332.6,34.76,Type_3,Area_4,Type_4
3991,2137,24,21,30,7,1128,203,189,115,1477,35.01,300.21,915.75,13.99,Type_17,Area_4,Type_4
5407,2253,111,25,30,12,376,253,204,63,1822,88.0,443.06,514.42,36.52,Type_3,Area_4,Type_4
4405,2232,141,32,85,51,1188,247,212,67,1104,89.37,371.38,1137.73,45.06,Type_3,Area_4,Type_4
3134,2161,102,37,162,89,564,252,166,0,124,62.66,289.02,363.24,21.62,Type_3,Area_4,Type_4
5641,2253,109,17,0,0,408,247,218,93,700,64.37,263.12,373.08,5.66,Type_1,Area_4,Type_4
12801,2249,194,22,170,68,1106,211,251,164,1195,63.52,210.14,353.18,9.1,Type_3,Area_4,Type_4
3620,2169,116,32,108,58,953,254,191,38,319,40.51,266.38,835.12,23.54,Type_3,Area_4,Type_4
13020,2207,89,12,0,0,1638,238,220,111,210,88.63,165.05,307.25,27.39,Type_3,Area_4,Type_4
5261,2376,124,30,216,135,342,254,202,53,1892,42.24,319.78,324.1,64.11,Type_3,Area_4,Type_4
4081,2162,289,9,0,0,1158,196,239,183,769,71.54,156.67,802.85,38.83,Type_17,Area_4,Type_4
13375,2404,37,14,0,0,457,219,209,123,1320,57.47,267.69,577.27,6.09,Type_6,Area_4,Type_4
4842,2345,45,4,0,0,1355,221,231,146,510,87.22,208.23,306.57,22.29,Type_6,Area_4,Type_4
6156,2447,13,5,0,0,362,215,229,151,1273,31.95,157.82,867.61,49.48,Type_6,Area_4,Type_4
3464,2095,8,9,30,-3,1385,210,223,150,845,65.96,398.72,1046.19,18.94,Type_17,Area_4,Type_4
5204,2292,88,14,30,5,469,240,217,105,800,73.06,419.6,334.67,30.14,Type_4,Area_4,Type_4
3858,2142,133,12,0,0,1256,239,234,124,1236,63.04,363.91,971.82,60.88,Type_1,Area_4,Type_4
3907,2115,135,16,0,0,1142,244,231,111,1390,60.85,211.41,1112.26,44.44,Type_17,Area_4,Type_4
12785,2248,140,30,108,65,1209,248,215,71,1084,62.56,195.78,783.65,13.1,Type_3,Area_4,Type_4
5669,2273,45,11,0,0,420,223,215,125,1610,33.37,215.63,1170.61,7.4,Type_4,Area_4,Type_4
6341,2315,92,19,0,0,484,246,207,82,592,44.85,366.07,377.09,30.28,Type_17,Area_4,Type_4
4618,2106,0,5,0,0,1123,213,231,156,582,82.53,357.57,709.97,64.05,Type_3,Area_4,Type_4
12393,2180,107,38,162,108,631,252,168,7,85,69.81,251.64,741.28,27.89,Type_3,Area_4,Type_4
3759,2121,334,21,0,0,1194,166,206,176,1181,55.8,239.26,930.19,45.77,Type_17,Area_4,Type_4
12573,2118,185,6,0,0,1208,221,244,158,1209,36.58,326.42,315.02,27.8,Type_17,Area_4,Type_4
3054,2183,100,32,180,132,484,252,178,27,212,47.25,174.7,585.23,20.89,Type_3,Area_4,Type_4
12675,2063,21,7,0,0,685,215,224,146,853,50.22,357.19,266.55,64.24,Type_3,Area_4,Type_4
5217,2310,117,32,162,82,446,254,192,39,1846,56.67,377.44,782.03,19.78,Type_3,Area_4,Type_4
12462,2344,121,35,360,50,1126,253,189,31,666,75.73,386.65,1024.6,25.24,Type_6,Area_4,Type_4
12435,2081,7,9,0,0,1438,209,222,150,782,45.13,364.85,464.13,48.33,Type_17,Area_4,Type_4
4992,2257,76,22,30,9,942,241,192,70,1146,64.41,399.22,266.68,15.13,Type_4,Area_4,Type_4
12439,2369,168,15,331,75,1129,230,245,142,693,40.89,281.18,658.59,44.26,Type_6,Area_4,Type_4
4718,2300,351,5,0,0,127,212,232,158,234,89.74,266.35,415.12,14.7,Type_10,Area_4,Type_4
2982,2145,90,38,134,94,376,246,152,0,301,44.1,324.06,989.07,36.24,Type_3,Area_4,Type_4
12351,2217,84,30,240,166,516,246,173,34,228,69.37,402.84,473.62,27.06,Type_3,Area_4,Type_4
4149,2257,118,22,150,74,1338,251,214,78,960,73.74,346.64,417.2,33.61,Type_3,Area_4,Type_4
4831,2255,123,33,124,58,785,254,196,42,1507,77.79,306.58,795.24,19.06,Type_3,Area_4,Type_4
12580,2266,358,12,0,0,902,202,218,154,433,36.06,348.71,631.06,35.49,Type_6,Area_4,Type_4
4463,2081,69,11,0,0,218,232,218,116,819,89.79,375.32,904.73,47.97,Type_1,Area_4,Type_4
6191,2470,66,8,0,0,404,229,224,128,1265,71.85,315.72,1198.71,52.04,Type_6,Area_4,Type_4
12475,2356,210,10,395,62,1191,212,250,173,730,70.89,369.91,399.92,56.18,Type_6,Area_4,Type_4
3563,2296,194,28,277,176,1045,202,249,163,485,33.42,335.42,310.92,47.82,Type_3,Area_4,Type_4
3432,2199,122,31,170,99,834,254,199,48,228,89.44,405.62,712.62,63.18,Type_3,Area_4,Type_4
4348,2327,107,24,319,140,1022,252,204,65,1323,63.28,269.77,394.01,8.83,Type_6,Area_4,Type_4
12608,2128,73,6,30,0,1350,227,229,136,1351,83.73,161.73,683.84,27.09,Type_17,Area_4,Type_4
4696,2207,121,21,42,14,976,250,218,85,1315,82.79,244.95,423.3,51.51,Type_3,Area_4,Type_4
3528,2272,95,18,30,9,1110,245,211,89,926,75.56,302.2,361.75,19.87,Type_6,Area_4,Type_4
13332,2369,57,15,0,0,560,229,207,108,459,48.67,197.66,646.93,23.83,Type_1,Area_4,Type_4
4650,2236,118,26,108,43,955,254,206,62,1338,40.13,259.6,271.88,25.05,Type_3,Area_4,Type_4
4437,2353,106,21,339,159,918,250,210,79,1431,51.0,358.27,631.75,36.62,Type_6,Area_4,Type_4
3387,2195,50,26,30,-2,870,221,176,74,904,44.6,314.46,135.18,50.58,Type_5,Area_4,Type_4
5221,2245,127,18,85,24,558,247,225,99,1742,48.0,444.37,475.44,14.23,Type_3,Area_4,Type_4
3000,2081,76,2,0,0,1207,222,235,150,485,82.28,394.68,736.21,7.58,Type_17,Area_4,Type_4
4723,2197,61,6,0,0,1505,225,227,136,834,42.25,382.4,834.5,59.02,Type_17,Area_4,Type_4
4547,2268,122,24,170,75,979,252,213,73,1321,30.83,292.93,223.02,15.63,Type_3,Area_4,Type_4
13009,2261,35,16,0,0,987,216,202,117,1184,39.66,186.85,299.09,39.03,Type_10,Area_4,Type_4
3300,2228,130,33,242,128,757,252,200,47,210,78.23,438.84,536.05,64.39,Type_3,Area_4,Type_4
12644,2230,116,28,182,90,1357,254,201,55,745,89.52,216.66,457.81,39.22,Type_3,Area_4,Type_4
12812,2327,124,25,300,134,957,252,213,74,1381,65.55,206.17,717.22,27.17,Type_3,Area_4,Type_4
5180,2284,112,29,150,59,509,254,196,47,1782,84.79,174.35,319.58,32.28,Type_3,Area_4,Type_4
12339,2165,93,36,153,114,417,248,162,10,270,77.59,258.63,1102.26,42.32,Type_3,Area_4,Type_4
3701,2201,140,32,134,81,1050,247,212,67,426,66.69,436.17,559.91,47.32,Type_3,Area_4,Type_4
3704,2160,108,32,85,47,1006,254,185,32,361,80.89,419.58,435.6,33.87,Type_3,Area_4,Type_4
12430,2005,159,28,30,1,210,236,232,107,247,68.75,362.97,910.42,36.4,Type_6,Area_4,Type_4
5666,2293,119,19,67,20,330,248,220,92,1572,76.89,189.97,104.07,26.23,Type_4,Area_4,Type_4
2675,2045,308,8,0,0,853,197,235,178,601,83.41,422.88,292.14,59.42,Type_17,Area_4,Type_4
3772,2123,130,27,30,10,1048,252,213,69,391,84.14,289.0,727.74,5.05,Type_3,Area_4,Type_4
12578,2113,122,12,0,0,1036,240,230,118,376,62.5,341.44,772.98,41.04,Type_3,Area_4,Type_4
4636,2232,169,34,0,0,1465,223,230,110,892,87.14,275.28,523.73,42.35,Type_1,Area_4,Type_4
3512,2275,197,18,361,155,1082,212,252,168,560,34.02,241.16,375.7,59.48,Type_3,Area_4,Type_4
3947,2124,317,13,0,0,1082,186,229,182,1370,69.7,169.97,612.93,36.58,Type_17,Area_4,Type_4
3896,2169,197,31,0,0,1100,194,247,167,883,79.47,236.45,470.37,48.37,Type_1,Area_4,Type_4
12652,2027,61,23,0,0,268,232,186,75,518,40.79,304.38,962.76,25.6,Type_1,Area_4,Type_4
12845,2104,37,21,0,0,268,214,190,103,872,56.98,291.34,1120.32,32.17,Type_1,Area_4,Type_4
3801,2199,82,19,190,73,1207,242,204,84,600,47.78,287.14,871.42,5.7,Type_10,Area_4,Type_4
2624,2055,198,15,0,0,967,214,252,169,430,84.6,403.53,239.23,32.6,Type_17,Area_4,Type_4
5601,2247,59,11,0,0,1253,228,216,119,664,46.09,402.6,487.59,57.67,Type_2,Area_4,Type_4
5441,2263,100,25,60,22,335,251,198,59,1784,57.62,191.91,987.15,40.68,Type_3,Area_4,Type_4
12448,2214,84,23,0,0,930,245,195,67,964,89.9,336.69,177.49,31.62,Type_6,Area_4,Type_4
3699,2264,146,30,362,134,1231,245,220,81,685,85.99,217.24,498.52,32.62,Type_3,Area_4,Type_4
12916,2168,352,7,0,0,661,208,228,158,1403,59.99,266.81,1196.03,6.2,Type_16,Area_4,Type_4
3826,2142,157,17,0,0,1249,236,240,128,1263,35.08,445.62,1123.56,29.39,Type_1,Area_4,Type_4
13390,2299,63,19,0,0,153,233,199,91,1075,40.43,389.35,1003.08,20.72,Type_14,Area_4,Type_4
4493,2205,141,31,42,25,1146,247,214,70,1146,64.04,156.23,648.42,7.56,Type_3,Area_4,Type_4
4041,2325,198,17,361,142,1237,212,252,169,1128,81.97,342.7,384.39,38.29,Type_6,Area_4,Type_4
3374,2264,109,39,255,160,858,252,167,0,306,69.72,344.09,339.88,19.38,Type_3,Area_4,Type_4
3844,2143,110,28,42,18,1154,254,196,50,511,54.46,207.4,1072.64,50.98,Type_3,Area_4,Type_4
6261,2331,135,3,0,0,361,225,238,148,1316,37.23,200.69,992.77,8.91,Type_14,Area_4,Type_4
3085,2076,271,9,0,0,1291,196,243,187,589,72.07,163.29,659.67,27.21,Type_17,Area_4,Type_4
4873,2178,97,13,0,0,658,241,221,108,1318,41.8,176.85,604.62,18.71,Type_1,Area_4,Type_4
12689,2261,166,14,30,3,324,231,244,141,384,70.97,238.16,550.75,23.97,Type_10,Area_4,Type_4
3743,2130,16,22,0,0,930,195,187,122,350,75.42,167.59,426.98,54.71,Type_10,Area_4,Type_4
4254,2312,77,3,0,0,1200,224,233,145,150,60.36,366.64,208.21,11.34,Type_6,Area_4,Type_4
4598,2295,107,25,212,101,900,253,202,62,1410,43.93,397.34,1128.26,48.1,Type_3,Area_4,Type_4
3612,2298,133,30,417,172,1209,251,210,63,693,38.58,408.59,1183.14,44.2,Type_3,Area_4,Type_4
5303,2380,130,27,228,139,300,252,212,69,1855,75.71,328.54,316.13,34.45,Type_3,Area_4,Type_4
12730,2264,115,20,150,81,1296,250,215,84,1003,48.36,363.56,816.35,54.94,Type_3,Area_4,Type_4
12681,2154,152,13,0,0,1298,235,240,133,1136,73.73,176.21,441.24,23.69,Type_17,Area_4,Type_4
4226,2182,272,24,0,0,1292,150,239,225,942,73.81,345.05,1082.79,55.6,Type_17,Area_4,Type_4
3246,2378,280,18,242,84,1074,169,239,209,691,40.3,200.68,627.82,45.06,Type_6,Area_4,Type_4
3529,2263,68,13,0,0,1080,233,214,111,939,88.07,192.55,816.26,13.09,Type_6,Area_4,Type_4
3341,2216,124,31,216,116,782,253,200,48,212,83.35,188.45,397.73,49.87,Type_3,Area_4,Type_4
3749,2039,130,17,0,0,514,246,228,105,633,54.14,177.99,200.88,54.77,Type_3,Area_4,Type_4
3466,2093,16,6,0,0,1406,215,227,149,842,72.31,205.89,664.69,24.09,Type_17,Area_4,Type_4
3437,2078,85,13,0,0,735,238,218,109,108,43.73,183.35,1089.5,40.14,Type_3,Area_4,Type_4
5127,2279,51,6,0,0,573,223,226,138,792,62.78,307.72,254.12,48.32,Type_4,Area_4,Type_4
5394,2310,58,8,0,0,342,226,224,132,819,64.99,345.63,382.79,33.87,Type_4,Area_4,Type_4
4835,2194,124,13,0,0,892,241,231,117,1401,62.82,188.41,771.24,52.23,Type_3,Area_4,Type_4
4455,2109,117,20,0,0,1050,250,216,84,636,81.99,382.54,1026.01,15.76,Type_3,Area_4,Type_4
12336,2087,138,11,0,0,309,237,236,129,571,36.33,386.65,924.4,17.24,Type_14,Area_4,Type_4
3834,2114,326,5,30,0,1167,206,234,166,1291,53.08,357.37,807.78,22.84,Type_17,Area_4,Type_4
13301,2332,48,19,30,14,859,223,195,98,1031,61.01,397.79,429.04,5.76,Type_10,Area_4,Type_4
12535,2214,127,31,162,101,1024,253,202,51,408,38.97,167.43,1197.85,45.44,Type_3,Area_4,Type_4
5449,2259,115,14,0,0,1338,243,226,109,537,62.69,258.59,752.77,16.14,Type_3,Area_4,Type_4
4645,2382,134,20,390,185,732,247,227,99,1622,72.3,248.02,743.37,30.12,Type_6,Area_4,Type_4
3126,2358,234,15,234,68,853,194,252,194,495,66.4,347.91,121.51,32.13,Type_6,Area_4,Type_4
4120,2253,191,7,0,0,424,220,246,161,499,72.88,428.62,470.2,18.09,Type_10,Area_4,Type_4
4042,2327,188,15,339,144,1256,220,250,159,1101,47.37,286.61,166.46,20.59,Type_6,Area_4,Type_4
12992,2264,99,29,180,67,658,252,186,40,1634,61.1,247.92,873.99,53.56,Type_3,Area_4,Type_4
4448,2168,110,5,30,-19,1276,228,234,140,1022,77.95,367.31,351.08,57.08,Type_4,Area_4,Type_4
6166,2303,77,13,0,0,162,236,216,108,1103,59.34,423.62,1095.87,20.2,Type_14,Area_4,Type_4
4300,2278,153,20,170,97,1191,240,236,116,1110,65.74,354.41,982.74,15.08,Type_3,Area_4,Type_4
4542,2339,114,23,297,142,872,252,209,71,1465,61.08,172.68,1090.0,43.26,Type_3,Area_4,Type_4
6011,2388,65,21,0,0,722,234,193,81,1140,78.22,434.52,1108.42,11.2,Type_10,Area_4,Type_4
4074,2214,219,6,0,0,1116,213,246,170,277,66.19,231.41,788.45,42.74,Type_1,Area_4,Type_4
3715,2037,125,19,0,0,481,248,223,94,592,89.41,312.44,508.58,24.28,Type_3,Area_4,Type_4
13097,2193,48,7,0,0,1442,223,225,138,553,39.85,214.12,725.02,40.14,Type_14,Area_4,Type_4
4053,2133,322,11,0,0,1289,191,229,177,633,79.4,220.92,976.73,36.36,Type_4,Area_4,Type_4
12477,2314,119,34,391,20,1124,254,189,33,641,42.76,172.18,613.34,33.31,Type_3,Area_4,Type_4
3996,2129,275,12,42,-2,1034,188,243,194,1369,56.53,289.18,355.75,7.77,Type_17,Area_4,Type_4
4883,2288,114,29,210,91,703,254,197,49,1595,78.06,253.99,808.64,40.79,Type_3,Area_4,Type_4
12979,2188,72,12,0,0,638,233,217,115,1253,40.1,322.74,866.36,33.68,Type_1,Area_4,Type_4
3760,2128,331,30,30,17,1189,137,189,183,1167,79.86,175.23,960.82,10.33,Type_17,Area_4,Type_4
3373,2289,105,41,277,185,876,250,157,0,335,45.88,302.5,594.15,11.66,Type_3,Area_4,Type_4
12579,2111,308,5,0,0,1025,205,237,171,362,53.27,158.09,260.68,28.88,Type_4,Area_4,Type_4
4408,2165,66,5,30,-17,1318,225,230,141,979,38.55,237.44,389.53,35.86,Type_4,Area_4,Type_4
12917,2381,137,11,424,184,624,238,236,127,1717,53.25,339.9,461.9,60.87,Type_6,Area_4,Type_4
12698,2311,134,20,277,123,1266,247,226,97,1065,80.16,166.67,404.81,8.24,Type_6,Area_4,Type_4
3355,2153,158,24,0,0,900,237,236,114,741,41.28,421.61,124.08,21.78,Type_14,Area_4,Type_4
3514,2296,234,29,319,176,1041,159,250,216,503,79.02,364.2,1198.86,9.08,Type_3,Area_4,Type_4
3379,2137,113,29,95,59,731,254,195,47,67,35.3,188.99,660.69,52.14,Type_3,Area_4,Type_4
4525,2290,193,10,30,1,162,219,249,163,426,78.61,356.84,196.3,9.93,Type_11,Area_4,Type_4
3417,2310,145,15,433,16,1315,240,236,122,904,48.77,198.11,432.73,64.11,Type_2,Area_4,Type_4
13260,2330,3,12,0,0,987,204,217,150,1423,41.18,444.32,248.1,22.65,Type_10,Area_4,Type_4
5888,2495,33,11,67,12,240,218,216,133,1657,85.01,172.43,187.3,51.36,Type_5,Area_4,Type_4
5066,2258,110,28,175,51,636,254,196,49,1655,32.2,220.3,854.09,8.13,Type_3,Area_4,Type_4
12766,2270,137,25,150,87,1211,249,221,84,1087,62.74,239.06,1153.71,31.03,Type_3,Area_4,Type_4
4986,2188,41,11,0,0,1682,222,216,129,134,39.19,189.37,513.21,7.28,Type_3,Area_4,Type_4
3340,2232,120,32,234,132,799,254,194,40,242,69.25,299.82,661.22,37.28,Type_3,Area_4,Type_4
2160,2022,19,14,30,6,446,209,210,136,495,74.93,216.48,331.69,43.86,Type_10,Area_4,Type_4
3056,2144,97,34,120,93,457,251,169,17,212,88.11,424.58,603.89,22.41,Type_3,Area_4,Type_4
4419,2089,8,19,0,0,511,195,199,137,782,50.12,234.57,986.83,56.2,Type_10,Area_4,Type_4
12646,2153,121,29,60,27,1262,254,203,56,618,54.66,358.66,1112.93,59.9,Type_3,Area_4,Type_4
3005,2114,90,37,95,63,390,246,154,0,277,64.3,259.63,417.83,64.4,Type_3,Area_4,Type_4
4783,2295,124,28,190,98,768,253,207,62,1533,63.33,189.14,218.23,29.24,Type_3,Area_4,Type_4
4889,2193,339,11,0,0,895,196,224,167,1403,31.52,362.87,787.24,46.14,Type_4,Area_4,Type_4
4447,2183,145,28,0,0,1231,245,222,85,1062,40.85,260.48,198.67,37.99,Type_3,Area_4,Type_4
5473,2276,35,30,0,0,1589,201,160,76,785,33.65,297.16,985.02,26.16,Type_17,Area_4,Type_4
4193,2156,135,22,30,10,1437,248,224,92,792,60.0,215.99,1076.6,21.34,Type_3,Area_4,Type_4
12109,2030,70,7,0,0,484,228,226,132,631,55.59,391.13,595.82,26.76,Type_17,Area_4,Type_4
6292,2356,50,7,0,0,525,224,224,135,849,53.37,247.57,286.13,49.12,Type_2,Area_4,Type_4
12728,2139,259,21,42,4,902,164,246,218,1454,79.71,195.23,293.52,22.29,Type_17,Area_4,Type_4
4143,2312,113,22,361,132,1153,252,211,75,1209,35.67,202.01,1075.23,29.92,Type_6,Area_4,Type_4
5279,2240,83,16,0,0,1507,241,211,96,342,86.4,401.66,629.07,64.38,Type_3,Area_4,Type_4
4621,2141,46,24,0,0,633,219,180,83,904,81.43,274.06,1137.71,17.82,Type_10,Area_4,Type_4
4565,2131,38,27,0,0,603,208,170,82,875,43.86,178.8,1197.17,16.17,Type_10,Area_4,Type_4
3622,2139,129,31,67,35,926,252,204,54,277,43.23,248.66,725.54,39.6,Type_3,Area_4,Type_4
12060,2029,336,30,0,0,573,140,185,175,511,63.87,397.84,621.1,10.71,Type_10,Area_4,Type_4
12826,2295,119,24,234,102,966,252,211,73,1350,41.74,422.61,121.9,58.48,Type_3,Area_4,Type_4
3803,2178,131,26,108,53,1158,251,216,76,531,79.12,354.77,1016.26,56.92,Type_3,Area_4,Type_4
13091,2234,126,18,0,0,450,248,224,97,1064,41.55,245.94,1156.83,29.64,Type_1,Area_4,Type_4
12574,2118,342,8,0,0,1201,203,228,164,1195,37.31,246.74,526.78,42.28,Type_17,Area_4,Type_4
12594,2128,231,7,42,-8,1276,210,246,174,1342,55.55,254.7,249.42,36.3,Type_17,Area_4,Type_4
5509,2308,108,17,180,67,201,247,218,95,1690,45.49,434.75,317.42,20.86,Type_3,Area_4,Type_4
3827,2143,203,24,0,0,1284,200,253,176,1323,58.0,167.05,652.17,22.66,Type_1,Area_4,Type_4
12472,2316,99,21,474,22,1357,249,206,76,938,70.81,204.78,1147.21,26.24,Type_2,Area_4,Type_4
4705,2118,3,12,0,0,1182,203,216,150,543,54.91,290.22,820.55,58.25,Type_14,Area_4,Type_4
3948,2125,307,7,30,1,1072,201,236,175,1355,66.15,206.62,1196.18,41.84,Type_17,Area_4,Type_4
3825,2148,146,21,30,6,1231,244,232,106,1233,42.54,280.78,646.98,38.48,Type_1,Area_4,Type_4
12874,2184,338,13,67,4,1153,192,222,168,1153,34.52,265.63,765.69,58.64,Type_4,Area_4,Type_4
3694,2108,155,7,30,-1,1248,228,241,146,1114,44.07,171.31,151.2,29.45,Type_1,Area_4,Type_4
5676,2290,43,12,0,0,1072,222,214,125,805,32.01,384.71,569.91,39.98,Type_5,Area_4,Type_4
12220,2067,103,28,30,8,834,253,192,48,190,49.7,388.91,897.15,26.3,Type_1,Area_4,Type_4
4497,2331,117,3,0,0,1353,225,236,146,247,59.29,331.76,97.54,16.21,Type_6,Area_4,Type_4
2091,2013,58,23,0,0,319,230,186,78,402,76.54,375.24,1055.54,15.14,Type_17,Area_4,Type_4
3066,2323,38,28,400,245,658,207,166,78,324,46.04,183.88,792.0,37.42,Type_10,Area_4,Type_4
3564,2294,153,32,258,174,1026,239,222,87,457,55.12,177.47,774.6,50.24,Type_3,Area_4,Type_4
12621,2130,144,12,30,2,1167,237,238,129,1423,74.12,422.16,442.45,41.53,Type_17,Area_4,Type_4
4285,2180,8,20,30,8,1310,193,196,137,926,63.14,383.27,1076.63,47.21,Type_17,Area_4,Type_4
5868,2291,112,22,0,0,1376,252,210,75,815,43.98,314.23,386.19,18.95,Type_3,Area_4,Type_4
3805,2151,133,31,67,31,1128,251,208,61,488,45.58,225.15,1165.21,46.48,Type_3,Area_4,Type_4
3739,2165,141,31,85,52,1047,247,214,70,404,75.23,244.52,189.75,6.97,Type_3,Area_4,Type_4
4040,2320,150,8,404,139,1200,231,240,141,1181,64.67,219.98,737.14,47.6,Type_6,Area_4,Type_4
4907,2231,80,12,0,0,845,236,218,111,1113,87.95,194.73,1087.07,9.22,Type_10,Area_4,Type_4
3967,2230,337,14,0,0,1136,189,221,170,547,48.39,181.76,859.83,61.26,Type_10,Area_4,Type_4
4439,2315,123,27,277,122,973,253,209,65,1357,89.55,373.55,506.22,40.76,Type_3,Area_4,Type_4
12619,2140,22,11,42,0,1315,213,217,139,1299,39.34,283.33,423.44,10.28,Type_17,Area_4,Type_4
3549,2113,11,17,0,0,1328,201,204,138,902,48.15,442.56,1002.68,8.1,Type_17,Area_4,Type_4
12919,2211,131,29,42,17,891,252,210,64,1400,33.36,294.25,837.81,52.28,Type_3,Area_4,Type_4
2290,2039,88,25,30,6,511,248,189,0,671,41.77,291.48,514.84,42.84,Type_1,Area_4,Type_4
4791,2188,354,5,30,-4,979,212,231,157,1318,36.41,309.19,1005.64,6.33,Type_4,Area_4,Type_4
12252,2060,97,11,30,3,933,238,224,116,201,76.71,326.69,473.48,64.09,Type_1,Area_4,Type_4
2574,2067,181,27,30,12,876,217,244,142,335,58.59,257.95,1050.72,30.89,Type_1,Area_4,Type_4
12308,2003,5,22,0,0,210,185,191,137,484,87.52,340.34,658.49,51.32,Type_10,Area_4,Type_4
12323,2083,90,30,85,39,285,249,177,33,379,38.42,443.92,225.54,40.07,Type_10,Area_4,Type_4
4299,2272,212,21,212,92,1153,198,254,185,1158,55.97,205.43,467.16,20.99,Type_3,Area_4,Type_4
12559,2121,331,27,0,0,1213,148,196,182,1127,82.88,261.74,627.45,29.87,Type_17,Area_4,Type_4
3089,2341,61,25,379,51,700,231,181,68,335,64.98,315.1,692.73,54.59,Type_10,Area_4,Type_4
5432,2264,12,22,0,0,1624,192,190,128,828,35.31,294.62,731.04,25.82,Type_17,Area_4,Type_4
4388,2204,216,11,0,0,1299,209,250,176,703,32.92,416.8,700.9,47.06,Type_17,Area_4,Type_4
5412,2390,65,4,0,0,847,223,231,143,1024,46.41,324.6,682.12,49.25,Type_6,Area_4,Type_4
3305,2103,108,32,60,31,655,254,184,31,30,43.21,216.1,672.03,18.33,Type_3,Area_4,Type_4
12593,2129,309,3,30,-2,1291,211,237,165,1337,53.26,193.23,807.36,15.58,Type_17,Area_4,Type_4
12361,2136,108,35,124,85,485,254,177,20,182,76.49,183.35,1128.93,40.82,Type_3,Area_4,Type_4
3090,2328,93,26,390,241,679,250,190,51,309,45.19,385.84,703.5,13.88,Type_10,Area_4,Type_4
2628,2048,297,10,60,2,768,193,237,184,666,71.22,229.11,1074.9,49.18,Type_17,Area_4,Type_4
2165,2023,229,4,0,0,488,213,244,168,551,58.28,247.25,807.02,59.9,Type_17,Area_4,Type_4
4496,2169,53,2,30,-13,1233,221,234,150,1064,66.61,201.83,560.7,61.14,Type_4,Area_4,Type_4
3603,2122,50,14,0,0,1299,226,209,114,932,41.12,444.53,876.58,44.91,Type_17,Area_4,Type_4
4098,2180,117,31,67,40,1384,254,194,42,745,34.9,257.37,1051.76,46.06,Type_3,Area_4,Type_4
3559,2280,124,29,384,155,1146,253,206,59,626,34.94,355.12,307.77,49.6,Type_3,Area_4,Type_4
5100,2388,103,22,283,160,458,250,207,74,1852,32.4,442.88,795.12,44.82,Type_6,Area_4,Type_4
3207,2271,128,37,309,180,726,251,191,33,247,81.53,329.41,261.95,40.67,Type_3,Area_4,Type_4
12444,2192,122,29,175,92,793,254,204,57,190,43.92,404.16,1161.05,55.82,Type_3,Area_4,Type_4
4126,2214,357,5,0,0,1140,213,231,157,335,70.58,448.82,553.13,20.97,Type_17,Area_4,Type_4
4972,2298,106,30,240,101,638,254,187,37,1657,83.88,373.43,1057.98,62.43,Type_3,Area_4,Type_4
12970,2184,98,18,30,4,1667,246,213,89,108,44.26,353.64,1085.54,15.3,Type_3,Area_4,Type_4
2983,2117,96,38,108,66,362,249,157,0,306,72.29,191.34,333.94,35.95,Type_3,Area_4,Type_4
3122,2073,72,2,0,0,1302,222,234,149,612,44.85,257.52,1165.51,55.33,Type_17,Area_4,Type_4
12748,2257,128,25,127,69,1273,251,216,77,1022,75.0,276.19,479.02,45.29,Type_3,Area_4,Type_4
4093,2264,133,23,175,81,1360,249,222,88,942,58.71,342.82,546.73,51.04,Type_3,Area_4,Type_4
3504,2327,96,19,516,33,1398,247,209,84,972,31.8,295.98,838.84,30.58,Type_2,Area_4,Type_4
5177,2392,110,22,255,151,391,251,209,73,1913,83.11,362.62,199.29,12.33,Type_6,Area_4,Type_4
3861,2135,182,8,0,0,1308,223,246,156,1325,78.88,409.61,629.06,57.15,Type_17,Area_4,Type_4
4732,2303,123,28,201,106,792,253,207,61,1513,34.06,222.31,584.73,42.91,Type_3,Area_4,Type_4
4398,2336,121,22,319,143,979,251,216,81,1365,34.63,152.9,780.9,55.55,Type_6,Area_4,Type_4
4219,2216,132,19,0,0,774,247,226,100,339,71.36,322.89,1043.74,28.62,Type_14,Area_4,Type_4
4887,2197,115,11,0,0,850,239,230,120,1443,50.58,438.36,887.6,55.72,Type_3,Area_4,Type_4
12636,2144,30,23,42,13,1357,206,183,103,1332,42.92,153.34,558.12,48.08,Type_17,Area_4,Type_4
6105,2301,93,9,0,0,1320,235,226,123,854,37.6,225.17,225.5,54.31,Type_3,Area_4,Type_4
5311,2241,124,24,42,16,499,252,215,77,1806,50.15,423.97,534.7,44.01,Type_3,Area_4,Type_4
13251,2268,325,17,0,0,361,177,220,182,685,73.73,236.27,507.5,36.83,Type_16,Area_4,Type_4
4180,2333,109,22,382,149,1092,251,209,75,1276,48.34,401.82,521.4,50.86,Type_6,Area_4,Type_4
3697,2291,118,23,510,133,1425,252,213,76,940,87.69,228.54,519.03,47.04,Type_2,Area_4,Type_4
12507,2036,114,18,30,-12,450,248,218,91,524,69.92,275.4,177.09,29.72,Type_6,Area_4,Type_4
6202,2304,330,9,0,0,916,199,229,170,872,54.15,244.46,107.1,46.55,Type_17,Area_4,Type_4
5851,2483,60,10,0,0,301,228,219,123,1590,39.75,440.13,855.84,13.88,Type_5,Area_4,Type_4
12332,2087,61,28,30,14,1165,229,169,54,446,89.14,245.7,639.79,33.82,Type_17,Area_4,Type_4
13098,2278,90,7,0,0,1167,231,229,132,1195,33.27,305.79,869.33,22.89,Type_10,Area_4,Type_4
12749,2234,121,25,85,51,1315,253,210,68,977,40.54,295.74,552.44,41.71,Type_3,Area_4,Type_4
3753,2286,189,6,270,24,150,220,244,159,300,48.83,359.69,876.8,54.86,Type_10,Area_4,Type_4
5259,2218,74,10,0,0,443,233,220,119,1129,55.03,242.51,214.86,6.7,Type_1,Area_4,Type_4
12784,2267,155,25,150,86,1168,240,233,108,1129,45.02,418.49,148.69,50.29,Type_3,Area_4,Type_4
2129,2011,58,9,0,0,382,227,222,129,446,82.92,395.96,225.99,11.71,Type_17,Area_4,Type_4
13328,2374,84,17,0,0,755,242,208,90,1112,47.76,426.45,107.55,6.54,Type_10,Area_4,Type_4
4242,2285,139,16,192,102,1214,242,233,115,1092,53.76,405.64,336.64,29.6,Type_3,Area_4,Type_4
3987,2154,219,21,30,7,1195,192,254,192,983,35.72,256.24,1007.89,49.48,Type_17,Area_4,Type_4
3263,2073,102,18,30,5,612,247,215,90,95,55.16,438.44,866.67,59.69,Type_3,Area_4,Type_4
4665,2116,62,7,30,4,1190,226,226,134,518,79.77,315.81,1194.68,14.5,Type_3,Area_4,Type_4
3829,2129,142,5,30,1,1357,228,239,144,1323,80.45,324.3,122.09,22.47,Type_17,Area_4,Type_4
3303,2188,132,29,201,101,711,251,211,66,120,63.54,329.22,168.31,43.86,Type_3,Area_4,Type_4
5266,2220,100,15,30,9,618,244,218,100,1706,60.76,219.24,866.43,8.23,Type_4,Area_4,Type_4
3618,2273,161,37,234,153,1050,229,220,88,470,80.71,233.17,502.26,24.43,Type_3,Area_4,Type_4
3902,2133,42,17,0,0,1224,220,200,110,1401,52.74,418.93,309.42,21.2,Type_17,Area_4,Type_4
4577,2288,184,4,0,0,201,220,242,157,433,54.64,343.94,1010.21,18.07,Type_11,Area_4,Type_4
12624,2277,115,19,242,119,1387,249,218,90,799,42.1,397.15,784.86,10.2,Type_3,Area_4,Type_4
4960,2259,24,3,0,0,752,218,233,152,607,74.96,273.86,802.5,10.74,Type_4,Area_4,Type_4
4417,2097,47,10,0,0,983,224,219,129,702,54.93,294.51,388.0,38.08,Type_3,Area_4,Type_4
3336,2322,149,26,313,28,1019,243,227,95,571,75.0,205.54,552.34,36.19,Type_3,Area_4,Type_4
3342,2202,129,30,201,102,767,252,207,59,182,64.73,391.72,712.08,37.88,Type_3,Area_4,Type_4
12445,2116,101,34,67,38,721,252,174,20,60,37.27,264.33,966.37,14.9,Type_3,Area_4,Type_4
3554,2289,141,10,497,-4,1345,236,237,131,888,60.33,405.55,669.53,41.74,Type_2,Area_4,Type_4
3654,2346,181,10,488,270,1466,224,247,155,1048,40.24,321.52,1010.83,14.17,Type_2,Area_4,Type_4
5696,2281,128,16,30,8,360,245,228,107,1557,48.57,356.91,1013.1,56.95,Type_4,Area_4,Type_4
3262,2090,105,31,42,18,618,254,186,36,67,60.47,215.4,801.76,32.9,Type_3,Area_4,Type_4
3917,2163,125,30,67,37,1235,253,203,54,595,73.7,361.81,749.93,20.16,Type_3,Area_4,Type_4
4582,2225,8,3,0,0,850,216,232,154,391,48.2,289.98,364.49,33.08,Type_10,Area_4,Type_4
6012,2379,39,17,0,0,726,218,199,111,1142,79.07,154.12,1007.55,25.5,Type_10,Area_4,Type_4
3641,2158,351,11,0,0,981,199,221,159,738,44.29,155.28,740.94,57.08,Type_14,Area_4,Type_4
4407,2200,143,32,30,12,1252,246,214,70,1040,86.94,332.12,970.52,44.72,Type_3,Area_4,Type_4
4052,2130,82,7,0,0,1301,230,228,132,649,71.35,420.6,446.23,32.63,Type_3,Area_4,Type_4
3238,2076,275,3,0,0,1356,212,240,166,693,87.59,301.17,481.99,12.84,Type_1,Area_4,Type_4
4095,2228,134,26,124,70,1442,250,218,80,850,49.92,302.2,579.37,31.62,Type_3,Area_4,Type_4
12373,2111,34,2,0,0,661,219,235,153,534,52.2,220.65,1021.21,19.57,Type_4,Area_4,Type_4
12490,2152,136,31,85,52,859,250,209,62,212,77.57,320.97,473.74,23.78,Type_3,Area_4,Type_4
5722,2457,77,19,0,0,466,240,202,84,1415,55.38,413.23,252.23,35.26,Type_5,Area_4,Type_4
13081,2388,127,25,242,147,324,252,215,76,1883,46.38,266.92,648.95,18.63,Type_3,Area_4,Type_4
5525,2306,276,6,0,0,1262,203,241,178,1343,61.72,207.95,229.21,32.37,Type_10,Area_4,Type_4
3258,2212,134,31,242,125,700,250,208,61,153,42.38,326.69,201.78,50.66,Type_3,Area_4,Type_4
3795,2112,236,3,30,-8,1187,213,242,166,1250,31.95,358.28,405.82,40.75,Type_17,Area_4,Type_4
4280,2224,175,28,30,3,752,223,241,132,391,53.5,261.55,116.94,44.26,Type_4,Area_4,Type_4
3571,2124,137,33,42,24,875,249,207,58,216,48.83,315.15,1001.72,37.81,Type_3,Area_4,Type_4
13106,2246,120,25,42,18,458,253,210,69,1849,68.1,331.36,662.06,48.02,Type_3,Area_4,Type_4
12746,2346,107,13,404,159,1032,241,224,110,1343,44.91,157.81,116.16,37.82,Type_6,Area_4,Type_4
4624,2122,49,24,0,0,309,221,180,80,882,71.42,286.01,480.6,56.89,Type_1,Area_4,Type_4
12438,2322,208,17,362,28,1224,206,253,178,812,49.9,308.14,587.92,53.96,Type_2,Area_4,Type_4
3170,2099,104,29,67,31,560,253,189,42,108,54.58,189.48,1127.19,49.51,Type_3,Area_4,Type_4
12352,2123,94,37,90,72,446,248,158,3,218,81.3,443.46,434.38,13.55,Type_3,Area_4,Type_4
12895,2182,62,4,0,0,1041,223,232,145,1253,52.5,414.53,844.14,30.56,Type_4,Area_4,Type_4
3700,2231,190,26,258,106,1153,209,249,157,577,45.93,181.84,1107.84,30.54,Type_3,Area_4,Type_4
12322,2100,71,28,108,56,295,238,173,47,371,88.16,305.81,141.91,35.19,Type_10,Area_4,Type_4
2863,2084,261,21,30,14,1003,164,246,217,268,87.03,367.15,773.12,21.16,Type_17,Area_4,Type_4
4089,2310,191,23,339,129,1214,212,250,160,1142,80.97,276.59,1181.44,38.85,Type_3,Area_4,Type_4
5312,2230,133,18,30,5,525,246,228,104,1786,66.9,272.52,529.87,8.55,Type_3,Area_4,Type_4
5374,2228,95,9,0,0,470,234,227,124,1852,76.91,328.65,202.03,53.65,Type_3,Area_4,Type_4
12634,2180,51,7,0,0,1020,224,225,137,484,62.28,428.76,1195.36,29.3,Type_14,Area_4,Type_4
4597,2334,104,23,277,137,849,251,203,66,1482,74.71,157.29,584.97,18.57,Type_3,Area_4,Type_4
3389,2149,98,19,0,0,780,247,210,84,815,32.34,176.47,1073.32,28.99,Type_5,Area_4,Type_4
12367,2273,103,31,309,195,618,253,184,35,234,79.83,324.22,563.11,34.05,Type_3,Area_4,Type_4
12764,2343,92,16,361,156,1026,243,214,96,1333,66.8,385.86,1078.42,42.04,Type_6,Area_4,Type_4
12059,2023,345,27,0,0,552,158,187,161,510,37.43,174.35,831.38,47.3,Type_17,Area_4,Type_4
12436,2328,113,8,446,34,1348,234,232,129,962,87.29,180.62,760.58,11.11,Type_2,Area_4,Type_4
12562,2273,185,16,443,115,1379,221,249,156,864,44.92,194.85,570.33,29.59,Type_2,Area_4,Type_4
12861,2282,114,24,192,88,918,253,208,68,1387,50.05,338.29,710.15,33.51,Type_3,Area_4,Type_4
12506,2293,75,16,95,30,1104,238,207,95,875,88.95,245.57,354.81,18.28,Type_6,Area_4,Type_4
12674,2244,330,13,0,0,1167,188,224,175,484,33.1,179.47,681.84,64.62,Type_10,Area_4,Type_4
3822,2285,106,7,210,23,175,232,232,132,277,51.75,178.55,938.87,28.25,Type_10,Area_4,Type_4
12703,2133,339,7,0,0,1328,204,230,164,674,75.27,197.07,1176.98,26.38,Type_4,Area_4,Type_4
12909,2193,120,14,0,0,977,244,227,109,1316,77.18,255.89,516.96,40.97,Type_3,Area_4,Type_4
4849,2151,126,18,0,0,1456,247,225,99,272,75.81,337.16,1099.33,44.67,Type_3,Area_4,Type_4
3248,2368,102,26,242,74,1026,252,196,55,631,54.72,246.0,439.45,59.67,Type_6,Area_4,Type_4
4976,2199,10,4,0,0,811,215,231,153,1487,56.8,323.08,1194.76,31.01,Type_4,Area_4,Type_4
4336,2222,229,14,0,0,1266,199,252,188,424,33.27,222.55,1126.81,62.89,Type_17,Area_4,Type_4
3301,2214,131,31,228,123,741,252,206,57,180,56.01,321.38,788.38,30.51,Type_3,Area_4,Type_4
12803,2174,123,22,0,0,1296,251,217,83,999,71.78,405.13,209.7,27.53,Type_4,Area_4,Type_4
13416,2304,135,5,0,0,808,227,238,144,789,57.57,302.66,296.45,63.94,Type_17,Area_4,Type_4
13092,2265,118,25,85,37,450,253,209,67,1847,51.37,182.65,934.65,25.66,Type_3,Area_4,Type_4
4832,2225,133,31,67,28,828,251,207,59,1464,74.37,435.84,616.0,59.72,Type_3,Area_4,Type_4
2576,2041,61,6,0,0,757,225,228,137,648,68.43,330.18,406.77,14.91,Type_17,Area_4,Type_4
13050,2377,109,32,234,136,408,254,185,32,1891,61.1,168.54,129.36,40.79,Type_3,Area_4,Type_4
12796,2204,58,14,0,0,1293,229,211,112,658,87.15,370.94,455.83,49.09,Type_17,Area_4,Type_4
2984,2094,100,37,85,43,351,251,164,0,313,79.03,162.52,101.17,21.69,Type_3,Area_4,Type_4
4958,2311,21,4,0,0,85,217,231,151,30,68.08,274.41,754.65,14.01,Type_10,Area_4,Type_4
5117,2271,52,20,0,0,1015,226,193,93,1189,57.34,185.45,595.61,32.01,Type_10,Area_4,Type_4
12459,2328,92,13,469,34,1365,240,220,109,964,55.49,309.74,280.74,60.37,Type_2,Area_4,Type_4
4184,2289,190,21,277,108,1182,215,251,160,1148,48.91,227.81,865.32,17.41,Type_3,Area_4,Type_4
3212,2113,101,33,85,41,598,253,177,24,67,70.42,300.28,1049.43,16.05,Type_3,Area_4,Type_4
12721,2055,105,21,0,0,361,250,208,75,630,63.62,390.33,1164.61,9.6,Type_1,Area_4,Type_4
2942,2067,45,14,30,-4,1116,223,210,118,390,66.09,417.61,387.79,27.57,Type_17,Area_4,Type_4
12665,2132,38,21,0,0,1114,215,190,102,1473,56.75,330.14,498.91,5.02,Type_17,Area_4,Type_4
3204,2372,213,21,319,82,849,196,254,187,424,81.53,221.71,973.41,7.15,Type_6,Area_4,Type_4
5343,2223,36,6,0,0,537,220,226,143,1790,35.48,257.85,378.53,48.7,Type_4,Area_4,Type_4
3842,2248,64,20,255,112,1284,234,195,85,691,31.96,192.31,547.89,16.04,Type_10,Area_4,Type_4
12952,2336,80,22,300,139,649,243,194,69,1663,80.97,402.53,306.47,24.51,Type_3,Area_4,Type_4
3368,2309,145,26,342,15,1040,245,225,91,573,46.17,241.72,1034.25,6.23,Type_3,Area_4,Type_4
5420,2299,34,15,0,0,1253,216,206,121,1226,49.24,374.85,434.63,17.88,Type_10,Area_4,Type_4
12193,2038,15,3,0,0,700,217,233,154,691,86.48,189.68,385.74,63.08,Type_17,Area_4,Type_4
5680,2321,63,5,0,0,1082,225,229,139,1399,40.55,330.78,203.95,7.32,Type_10,Area_4,Type_4
6066,2381,40,4,0,0,577,220,231,148,1413,77.64,198.27,222.65,39.01,Type_6,Area_4,Type_4
4090,2318,193,23,319,135,1231,211,251,164,1116,32.7,435.12,502.84,17.41,Type_6,Area_4,Type_4
4061,2068,65,5,0,0,725,225,230,140,895,47.64,398.69,1031.26,34.78,Type_3,Area_4,Type_4
5421,2298,356,8,30,6,1245,208,226,156,1254,41.54,342.21,1051.9,19.55,Type_10,Area_4,Type_4
3068,2291,68,32,350,213,616,234,160,33,277,87.9,376.68,659.25,61.4,Type_10,Area_4,Type_4
6165,2310,95,14,30,11,190,241,219,104,1115,45.28,238.7,256.75,48.8,Type_10,Area_4,Type_4
12841,2300,116,24,234,106,924,253,209,70,1392,81.24,339.9,791.31,54.12,Type_3,Area_4,Type_4
3329,2331,185,15,350,37,1231,222,249,156,841,38.42,207.67,1072.49,48.6,Type_2,Area_4,Type_4
3577,2094,9,17,0,0,824,198,203,139,190,41.71,408.57,165.98,6.7,Type_4,Area_4,Type_4
3667,2249,163,37,212,129,1074,226,221,92,484,80.35,193.25,428.09,20.98,Type_3,Area_4,Type_4
4786,2251,132,31,108,54,828,251,206,58,1465,52.61,279.6,1170.44,26.55,Type_3,Area_4,Type_4
5056,2236,70,10,0,0,1533,231,221,123,895,69.5,189.31,669.34,29.05,Type_17,Area_4,Type_4
6319,2314,214,7,0,0,525,214,247,169,604,68.86,243.23,241.82,22.1,Type_17,Area_4,Type_4
13006,2337,109,33,258,112,534,254,183,28,1764,71.35,279.06,1003.46,49.71,Type_3,Area_4,Type_4
4140,2144,249,27,60,14,931,152,247,225,1426,63.39,187.53,438.28,60.26,Type_17,Area_4,Type_4
4687,2162,311,9,0,0,691,196,234,177,1468,38.36,338.07,352.8,22.88,Type_16,Area_4,Type_4
3575,2091,355,10,0,0,837,203,222,157,180,83.37,289.3,1010.04,41.41,Type_3,Area_4,Type_4
4401,2262,110,28,212,78,1068,254,197,52,1242,37.4,418.54,1166.56,63.95,Type_3,Area_4,Type_4
5229,2218,46,15,0,0,1544,224,207,114,301,39.1,434.03,890.36,36.79,Type_14,Area_4,Type_4
5524,2305,41,10,30,0,1253,221,218,131,1316,57.5,185.73,865.97,53.34,Type_10,Area_4,Type_4
12521,2124,130,31,42,20,914,252,206,57,258,33.27,261.89,984.68,20.24,Type_3,Area_4,Type_4
4142,2326,103,24,382,145,1134,252,200,62,1235,38.07,449.1,314.91,42.69,Type_6,Area_4,Type_4
12394,2133,102,35,108,61,607,252,172,0,60,82.28,426.93,1052.3,5.81,Type_3,Area_4,Type_4
5436,2345,157,24,240,104,192,239,235,111,1732,74.37,381.84,424.02,15.54,Type_3,Area_4,Type_4
4174,2177,192,19,0,0,1243,215,251,163,875,61.91,398.75,1036.01,42.67,Type_17,Area_4,Type_4
6382,2407,53,22,0,0,750,226,187,84,900,61.8,189.05,1069.29,59.68,Type_1,Area_4,Type_4
4734,2277,128,29,150,80,830,253,207,59,1468,85.73,308.96,601.12,50.43,Type_3,Area_4,Type_4
3469,2305,119,18,458,11,1332,248,222,96,908,80.24,374.44,1013.9,24.38,Type_2,Area_4,Type_4
3875,2278,58,17,268,132,1364,230,203,100,782,32.51,404.94,763.79,30.57,Type_10,Area_4,Type_4
13196,2266,64,24,30,14,390,233,184,70,1678,81.0,278.45,1017.09,57.79,Type_4,Area_4,Type_4
5853,2344,47,12,0,0,824,224,214,123,1075,81.09,225.4,250.66,61.09,Type_14,Area_4,Type_4
3158,2397,158,19,324,107,806,237,239,125,400,33.84,253.84,399.9,40.07,Type_6,Area_4,Type_4
4036,2153,326,20,0,0,1329,165,213,185,1194,89.31,229.84,108.72,43.47,Type_17,Area_4,Type_4
4729,2357,129,23,342,160,703,250,220,85,1632,74.54,152.96,932.72,62.62,Type_3,Area_4,Type_4
5145,2214,299,13,0,0,741,183,235,192,1579,54.38,169.42,1172.94,53.97,Type_4,Area_4,Type_4
4830,2272,122,31,153,75,765,254,197,45,1530,60.2,289.05,539.57,21.68,Type_3,Area_4,Type_4
5039,2255,23,12,0,0,959,212,214,136,1180,73.66,224.57,1104.84,35.33,Type_10,Area_4,Type_4
5663,2268,14,9,30,0,1413,212,222,147,534,78.77,200.72,638.11,60.65,Type_17,Area_4,Type_4
4634,2234,151,12,0,0,1451,236,240,132,600,81.69,323.74,1060.31,19.47,Type_1,Area_4,Type_4
13460,2416,53,22,0,0,774,226,188,85,886,46.82,261.82,1146.1,47.6,Type_1,Area_4,Type_4
6283,2309,103,9,0,0,685,236,228,122,721,75.73,178.3,1160.48,21.3,Type_17,Area_4,Type_4
4651,2225,122,26,85,32,976,253,209,66,1316,33.22,413.95,738.09,63.79,Type_3,Area_4,Type_4
4328,2276,36,6,0,0,255,220,226,143,400,88.95,306.54,844.08,19.89,Type_10,Area_4,Type_4
13015,2191,257,8,0,0,534,202,245,181,1231,87.54,272.51,422.85,15.17,Type_16,Area_4,Type_4
2027,2006,73,11,0,0,170,233,218,115,319,73.85,369.88,1012.32,53.77,Type_17,Area_4,Type_4
12891,2325,124,27,242,128,799,253,209,65,1518,69.6,259.68,1034.69,23.07,Type_3,Area_4,Type_4
12504,2196,123,34,150,85,942,253,191,35,324,69.29,236.22,526.59,39.93,Type_3,Area_4,Type_4
12867,2206,166,10,30,-25,1476,229,244,145,960,50.41,319.86,388.8,46.53,Type_10,Area_4,Type_4
12549,2229,159,22,283,103,1172,237,238,119,604,68.58,212.49,550.27,59.08,Type_3,Area_4,Type_4
12385,2137,100,36,124,65,579,251,168,0,90,57.37,153.8,821.65,10.99,Type_3,Area_4,Type_4
3426,2322,246,21,350,209,977,171,251,213,459,67.17,353.45,490.14,5.45,Type_3,Area_4,Type_4
5516,2262,45,4,0,0,1271,221,231,146,604,76.55,267.37,720.86,28.86,Type_3,Area_4,Type_4
3932,2279,151,9,120,17,234,231,240,140,309,40.87,151.31,577.68,46.86,Type_10,Area_4,Type_4
3098,2078,90,27,67,25,488,249,187,50,192,36.11,165.65,1110.73,61.03,Type_3,Area_4,Type_4
4574,2291,84,6,0,0,127,229,229,133,361,75.48,272.74,1193.57,54.45,Type_11,Area_4,Type_4
3791,2130,172,11,60,2,1348,228,245,148,1299,42.88,289.53,244.68,49.37,Type_17,Area_4,Type_4
3532,2073,76,21,0,0,540,240,196,76,598,77.9,228.2,649.81,44.62,Type_14,Area_4,Type_4
5051,2275,108,13,0,0,638,241,225,111,741,41.85,446.63,130.17,34.65,Type_4,Area_4,Type_4
4245,2177,144,31,30,14,1401,245,216,74,892,54.74,251.9,643.8,6.05,Type_3,Area_4,Type_4
12457,2088,21,10,0,0,1436,214,219,141,812,43.58,442.88,854.14,35.67,Type_17,Area_4,Type_4
4127,2215,323,9,0,0,1140,196,230,174,350,70.78,407.28,378.2,61.89,Type_17,Area_4,Type_4
12380,2266,124,31,295,188,642,253,200,49,216,84.05,428.04,697.53,58.54,Type_3,Area_4,Type_4
6201,2305,131,11,0,0,890,238,234,126,842,72.2,190.52,208.42,10.54,Type_3,Area_4,Type_4
2889,2075,229,20,0,0,1026,187,254,199,295,78.65,323.55,1057.98,60.24,Type_17,Area_4,Type_4
12461,2340,272,27,371,46,1195,140,236,230,755,40.33,415.47,644.97,23.03,Type_6,Area_4,Type_4
12488,2312,251,25,446,18,1279,158,248,222,824,33.85,358.66,112.95,40.19,Type_6,Area_4,Type_4
12719,2305,34,10,0,0,1144,219,218,134,212,72.71,354.7,248.67,58.26,Type_16,Area_4,Type_4
12669,2330,260,5,382,147,1260,207,243,174,1114,49.28,376.6,283.96,21.28,Type_6,Area_4,Type_4
5404,2301,116,31,120,60,300,254,194,42,1793,44.86,379.68,785.42,54.98,Type_3,Area_4,Type_4
3084,2073,119,11,30,-1,1276,239,230,120,582,65.26,395.81,244.53,47.55,Type_17,Area_4,Type_4
13188,2252,66,16,0,0,421,234,207,101,1718,86.11,158.07,1064.06,24.12,Type_4,Area_4,Type_4
4119,2253,170,5,0,0,404,224,242,153,474,38.6,424.41,578.61,49.61,Type_10,Area_4,Type_4
3034,2184,90,30,180,133,458,249,179,37,242,36.08,199.93,933.96,33.02,Type_3,Area_4,Type_4
5175,2242,21,20,0,0,1506,203,195,123,972,56.75,247.79,385.26,8.62,Type_17,Area_4,Type_4
4080,2161,74,8,0,0,1150,230,224,127,741,43.58,201.06,606.38,38.91,Type_17,Area_4,Type_4
3216,2073,312,18,0,0,573,168,224,195,162,37.05,438.0,309.9,14.75,Type_4,Area_4,Type_4
12460,2308,178,17,417,14,1290,225,248,149,875,47.33,155.69,165.14,32.09,Type_2,Area_4,Type_4
4683,2233,332,8,0,0,1485,201,230,168,631,86.52,295.86,847.38,6.65,Type_17,Area_4,Type_4
4731,2316,126,27,228,119,774,253,211,67,1537,37.22,267.71,1146.48,58.27,Type_3,Area_4,Type_4
5371,2308,116,33,124,67,319,254,188,33,1822,53.07,441.86,405.56,7.25,Type_3,Area_4,Type_4
4139,2132,252,14,30,2,940,188,249,198,1438,69.9,195.26,206.38,26.23,Type_17,Area_4,Type_4
3607,2342,77,18,514,261,1458,240,205,89,1012,79.54,159.19,266.2,53.19,Type_2,Area_4,Type_4
4243,2206,125,32,60,23,1358,253,198,46,933,75.38,369.13,1065.79,33.1,Type_3,Area_4,Type_4
3501,2096,338,8,0,0,1377,204,229,165,872,47.19,332.43,203.86,18.31,Type_17,Area_4,Type_4
4157,2170,129,31,42,24,1410,252,205,56,768,62.42,426.41,1166.96,61.65,Type_3,Area_4,Type_4
4129,2219,0,14,0,0,1140,199,214,151,384,47.75,435.98,1034.87,18.06,Type_17,Area_4,Type_4
3431,2216,122,33,192,116,849,254,193,37,256,64.86,414.59,229.94,45.32,Type_3,Area_4,Type_4
12809,2200,245,4,0,0,1328,212,243,169,722,58.88,429.09,532.89,36.24,Type_17,Area_4,Type_4
3057,2095,89,41,60,44,437,243,143,0,228,66.22,232.91,316.72,6.16,Type_3,Area_4,Type_4
3474,2311,135,35,283,198,960,249,199,46,408,71.98,388.1,425.78,64.77,Type_3,Area_4,Type_4
12543,2326,145,26,524,250,1456,246,224,90,1026,86.75,262.48,762.33,45.66,Type_2,Area_4,Type_4
3555,2291,228,18,485,-2,1321,190,254,196,859,38.64,214.9,111.49,43.56,Type_2,Area_4,Type_4
2981,2168,75,31,162,117,391,239,166,35,300,56.26,172.93,326.94,54.2,Type_10,Area_4,Type_4
5796,2333,82,11,0,0,888,235,220,115,1008,77.71,334.39,854.27,42.36,Type_5,Area_4,Type_4
3523,2087,79,10,0,0,800,233,223,121,153,46.11,296.43,559.76,60.26,Type_3,Area_4,Type_4
4487,2285,114,22,212,92,984,252,211,76,1326,31.51,418.91,213.73,10.76,Type_3,Area_4,Type_4
12639,2107,86,9,0,0,1115,234,225,122,1415,54.71,398.39,881.39,64.94,Type_17,Area_4,Type_4
12405,2359,120,34,272,65,1045,254,189,33,630,89.92,190.32,790.94,58.11,Type_6,Area_4,Type_4
12051,2027,42,13,0,0,553,222,212,123,497,46.67,288.85,121.25,42.82,Type_17,Area_4,Type_4
5645,2278,74,21,30,17,390,240,195,76,1624,65.78,258.08,1174.32,37.26,Type_4,Area_4,Type_4
3755,2167,302,9,0,0,1015,196,236,180,644,46.3,416.5,884.98,57.04,Type_14,Area_4,Type_4
5108,2210,34,11,30,9,732,219,216,132,1575,35.97,171.01,613.85,34.9,Type_3,Area_4,Type_4
12429,2012,155,27,30,3,240,239,230,101,277,46.04,317.49,375.09,6.29,Type_6,Area_4,Type_4
12802,2220,144,32,67,37,1209,245,214,70,1082,33.48,356.58,640.4,48.84,Type_3,Area_4,Type_4
3703,2176,121,29,108,63,1020,254,202,54,382,49.05,283.17,669.14,57.23,Type_3,Area_4,Type_4
4096,2218,138,25,108,60,1448,248,222,86,828,57.92,188.87,783.86,64.88,Type_3,Area_4,Type_4
3058,2068,81,35,30,17,430,242,157,0,242,34.62,263.19,258.05,47.64,Type_3,Area_4,Type_4
